objid,name_prefix,name,ra,declination,redshift,typeid,type,reporting_groupid,reporting_group,source_groupid,source_group,discoverydate,discoverymag,discmagfilter,filter,reporters,time_received,internal_names,Discovery_ADS_bibcode,Class_ADS_bibcodes,creationdate,lastmodified
206733,SN,2026jzl,250.06901189231,-10.992903407692,0.067,4,SN Ib,48,ZTF,48,ZTF,2026-04-15 11:04:29.997,20.2607,110,g,"Jesper Sollerman (SU), Christoffer Fremling (Caltech), Daniel Perley (LJMU), Theophile du Laz (Caltech) on behalf of ZTF",2026-04-18 11:19:12,"ZTF26aatbuhc, ATLAS26eqi, GOTO26dyb",2026TNSTR1705....1S,2026TNSCR2002....1L,2026-04-18 11:19:14,2026-05-08 13:52:55
204491,SN,2026gwx,172.045322491,25.6566658587,0.00913,4,SN Ib,48,ZTF,48,ZTF,2026-03-20 05:39:38.001,20.8896,111,r,"Nabeel Rehemtulla (CIERA, NU), Christoffer Fremling (Caltech), Daniel Perley (LJMU), Theophile du Laz (Caltech) on behalf of ZTF",2026-03-22 11:30:48,"ZTF26aaodgsa, GOTO26cmj, ATLAS26dmo, WFST260320nhhv, PS26ash,",2026TNSTR1235....1R,"2026TNSCR1254....1Y, 2026TNSCR1364....1S",2026-03-22 11:30:51,2026-04-05 07:26:39
175924,SN,2025fmr,232.312223782,80.7821164045,0.04,4,SN Ib,48,ZTF,48,ZTF,2025-03-09 09:03:23.999,20.0821,111,r,"Jesper Sollerman (SU), Christoffer Fremling (Caltech), Daniel Perley (LJMU), Theophile du Laz (Caltech) on behalf of ZTF",2025-03-23 13:21:05,"ZTF25aakeqyr, GOTO25bts, ATLAS25dut, PS25dbb",2025TNSTR1106....1S,"2025TNSCR1652....1S, 2026TNSCR1362....1U",2025-03-23 13:21:07,2026-03-31 00:05:22
202549,SN,2026euq,148.837421,3.212775,0.26,4,SN Ib,81,SGLF,165,Rubin,2026-01-09 07:44:38.000,23.06,163,i,"I. Pérez-Fournon (IAC and ULL), D. Cano-Morales, I. Correa-Plasencia, A.E. Hernández-Díaz,  E. Lekaroz-Urriza, M. Quintana-Ansaldo (ULL), F. Poidevin (IAC and ULL), C. Jiménez Ángel (GRANTECAN), R. Shirley (MPE), R. Marques-Chaves (Univ. of Geneva), and S. Geier (GRANTECAN & IAC) on behalf of SGLF",2026-03-02 20:36:27,LSST-P-DO-313963406691402058,2026TNSTR.892....1P,2026TNSCR1291....1D,2026-03-02 20:36:28,2026-03-25 20:15:54
202978,SN,2026fim,137.7085217,-8.8904027,0.006131,4,SN Ib,48,ZTF,48,ZTF,2026-03-09 04:23:00.000,19.6954,111,r,"Nabeel Rehemtulla (CIERA, NU), Wynn Jacobson-Galán (Caltech), Theophile du Laz (Caltech) on behalf of ZTF",2026-03-12 06:51:21,ZTF26aakdoou,2026TNSTR1038....1R,2026TNSCR1296....1R,2026-03-12 06:51:23,2026-03-25 05:40:39
200531,SN,2026cfz,179.0805639,47.5994008,0.055,4,SN Ib,48,ZTF,48,ZTF,2026-02-04 09:13:31.002,19.8683,111,r,"Jesper Sollerman (SU), Christoffer Fremling (Caltech), Daniel Perley (LJMU), Theophile du Laz (Caltech) on behalf of ZTF",2026-02-06 15:52:56,"ZTF26aaffzys, WFST260131apetj",2026TNSTR.508....1S,2026TNSCR.599....1K,2026-02-06 15:52:59,2026-02-11 06:45:58
199417,SN,2026aur,256.3664058,75.406593,0.016231,4,SN Ib,48,ZTF,48,ZTF,2026-01-09 11:48:00.002,19.2987,111,r,"Nabeel Rehemtulla (CIERA, NU), Christoffer Fremling (Caltech), Daniel Perley (LJMU), Theophile du Laz (Caltech) on behalf of ZTF",2026-01-20 15:57:15,ZTF26aadeidx,2026TNSTR.253....1R,2026TNSCR.464....1D,2026-01-20 15:57:19,2026-02-03 16:27:52
193867,SN,2025affj,207.8871153,43.818268,0.032723,4,SN Ib,48,ZTF,48,ZTF,2025-11-25 12:17:23.997,19.3068,111,r,"Jesper Sollerman (SU), Christoffer Fremling (Caltech), Daniel Perley (LJMU), Theophile du Laz (Caltech) on behalf of ZTF",2025-11-29 14:20:44,ZTF25aceqftw,2025TNSTR4761....1S,2026TNSCR..15....1D,2025-11-29 14:20:45,2026-01-02 21:25:35
195358,SN,2025ahji,359.7658189,1.7236295,0.022175,4,SN Ib,48,ZTF,48,ZTF,2025-12-12 04:55:10.997,20.4774,111,r,"Jesper Sollerman (SU), Christoffer Fremling (Caltech), Daniel Perley (LJMU), Theophile du Laz (Caltech) on behalf of ZTF",2025-12-18 05:29:23,"ZTF25acipypu, ATLAS25qey, GOTO25mwa",2025TNSTR5046....1S,2025TNSCR5137....1D,2025-12-18 05:29:26,2025-12-22 15:44:47
188472,SN,2025xll,261.1006298,44.9381458,0.027599,4,SN Ib,48,ZTF,48,ZTF,2025-09-08 04:21:35.000,19.8626,111,r,"Jesper Sollerman (SU), Christoffer Fremling (Caltech), Daniel Perley (LJMU), Theophile du Laz (Caltech) on behalf of ZTF",2025-09-14 18:33:53,ZTF25abqicvg,2025TNSTR3694....1S,2025TNSCR3922....1D,2025-09-14 18:33:55,2025-09-29 22:59:58
188322,SN,2025xfu,357.7436881,80.815668,0.026987,4,SN Ib,48,ZTF,48,ZTF,2025-09-02 11:17:17.998,20.0944,110,g,"Jesper Sollerman (SU), Christoffer Fremling (Caltech), Daniel Perley (LJMU), Theophile du Laz (Caltech) on behalf of ZTF",2025-09-11 10:56:45,"ZTF25aboqinw, ATLAS25lfk",2025TNSTR3657....1S,2025TNSCR3839....1R,2025-09-11 10:56:47,2025-09-23 18:02:19
177625,SN,2025hxt,313.715413731,65.1604399839,0.007999,4,SN Ib,48,ZTF,48,ZTF,2025-04-20 10:47:07.995,19.744,111,r,"Jesper Sollerman (SU), Christoffer Fremling (Caltech), Daniel Perley (LJMU), Theophile du Laz (Caltech) on behalf of ZTF",2025-04-21 12:37:28,"ZTF25aanmfji, GOTO25cgd, ATLAS25eqn, PS25gtk",2025TNSTR1478....1S,2025TNSCR1779....1D,2025-04-21 12:37:30,2025-08-21 14:43:33
181616,SN,2025nqb,187.918129,3.927081,0.015109,4,SN Ib,81,SGLF,48,ZTF,2025-06-16 04:42:02.000,18.868,111,r,"I. Pérez-Fournon (IAC and ULL), D. Cano-Morales, I. Correa-Plasencia, A.E. Hernández-Díaz (ULL), F. Poidevin (IAC and ULL), C. Jiménez Ángel (GRANTECAN), R. Shirley (MPE), R. Marques-Chaves (Univ. of Geneva), and S. Geier (GRANTECAN & IAC) on behalf of SGLF",2025-06-16 06:36:10,"ZTF25aavgfqk, GOTO25dov, ATLAS25gfc",2025TNSTR2235....1P,"2025TNSCR2281....1H, 2025TNSCR2702....1S",2025-06-16 06:36:10,2025-07-14 21:34:34
182572,SN,2025pam,259.7150532,52.6170531,0.03091,4,SN Ib,74,ALeRCE,48,ZTF,2025-06-26 08:06:17.997,20.0585,111,r,"A. Munoz-Arancibia, F.E. Bauer, G. Pignata, F. Forster, A. Mourao, S. Jurado, L. Hernandez-Garcia, L. Galbany, J. Silva-Farfan, R. Dastidar, J.P. Brandt, A. Alvarez, F. Andrades, G. Cabrera-Vives, R. Carrasco-Davis, P.A. Estevez, P. Huijse, H. Larranaga, C. Mansilla, K. Medina, D. Moreno, E. Munoz, I. Reyes, P. Sanchez-Saez, D. Rodriguez-Mancini, M. Catelan, S. Eyheramendy, M.J. Graham on behalf of the ALeRCE broker",2025-06-26 14:34:31,"ZTF25aaxqbfo, ATLAS25gxf, GOTO25esn",2025TNSTR2405....1M,2025TNSCR2503....1D,2025-06-26 14:34:33,2025-06-30 17:03:05
181632,SN,2025nqr,42.669812,40.478787,0.028983,4,SN Ib,48,ZTF,48,ZTF,2025-06-16 11:33:20.001,18.8269,111,r,"Jesper Sollerman (SU), Christoffer Fremling (Caltech), Daniel Perley (LJMU), Theophile du Laz (Caltech) on behalf of ZTF",2025-06-16 12:30:28,ZTF25aavjchy,2025TNSTR2241....1S,2025TNSCR2425....1H,2025-06-16 12:30:30,2025-06-26 19:50:39
181520,SN,2025nmk,241.665325135,-2.35700641477,0.032389,4,SN Ib,48,ZTF,48,ZTF,2025-06-12 07:05:29.999,19.599,111,r,"Jesper Sollerman (SU), Christoffer Fremling (Caltech), Daniel Perley (LJMU), Theophile du Laz (Caltech) on behalf of ZTF",2025-06-14 07:48:38,"ZTF25aavahfn, PS25dmp, GOTO25dpx, ATLAS25gfd, BGEM J160639.66-022125.2",2025TNSTR2218....1S,2025TNSCR2329....1S,2025-06-14 07:48:40,2025-06-20 11:17:20
172042,SN,2025bdy,223.10106303,3.71617466006,0.0357,4,SN Ib,48,ZTF,48,ZTF,2025-02-08 11:48:31.003,19.5779,110,g,"Jesper Sollerman (SU), Christoffer Fremling (Caltech), Daniel Perley (LJMU), Theophile du Laz (Caltech) on behalf of ZTF",2025-02-10 14:03:25,"ZTF25aafkxdu, BGEM J145224.28+034258.1, GOTO25aqp, ATLAS25cbb, PS25djt",2025TNSTR.565....1S,2025TNSCR.727....1A,2025-02-10 14:03:27,2025-06-14 20:36:43
87244,SN,2021rkr,339.00299936667,18.485189533333,0.11,4,SN Ib,74,ALeRCE,48,ZTF,2021-07-02 10:37:35.000,20.2669,110,g,"A. Munoz-Arancibia, F. Forster, F.E. Bauer, G. Pignata, L. Hernandez-Garcia, L. Galbany, E. Camacho, J. Silva-Farfan, A. Mourao, J. Arredondo, G. Cabrera-Vives, R. Carrasco-Davis, P.A. Estevez, P. Huijse, E. Reyes, I. Reyes, P. Sanchez-Saez, C. Valenzuela, E. Castillo, D. Ruz-Mieres, D. Rodriguez-Mancini, M. Catelan, S. Eyheramendy, M.J. Graham on behalf of the ALeRCE broker",2021-07-02 20:19:44,"ZTF21abjaimp, ATLAS21bbcf",2021TNSTR2277....1M,2025TNSCR1457....1H,2021-07-02 20:19:51,2025-04-20 00:25:32
80680,SN,2021hwj,237.663158476,26.609736563,0.15,4,SN Ib,74,ALeRCE,48,ZTF,2021-04-03 10:10:47.001,20.0684,110,g,"F. Forster, F.E. Bauer, G. Pignata, A. Munoz-Arancibia, L. Hernandez-Garcia, L. Galbany, E. Camacho, J. Silva-Farfan, A. Mourao, J. Arredondo, G. Cabrera-Vives, R. Carrasco-Davis, P.A. Estevez, P. Huijse, E. Reyes, I. Reyes, P. Sanchez-Saez, C. Valenzuela, E. Castillo, D. Ruz-Mieres, D. Rodriguez-Mancini, M. Catelan, S. Eyheramendy, M.J. Graham on behalf of the ALeRCE broker",2021-04-03 23:55:48,"ZTF21aascaho, PS21dil",2021TNSTR1011....1F,2025TNSCR1457....1H,2021-04-03 23:56:09,2025-04-20 00:25:32
95146,SN,2021acvv,115.7402636,22.0464856,0.08,4,SN Ib,74,ALeRCE,48,ZTF,2021-10-31 08:37:01.998,19.1696,110,g,"R. Dastidar, F.E. Bauer, G. Pignata, A. Munoz-Arancibia, F. Forster, A. Mourao, L. Hernandez-Garcia, L. Galbany, E. Camacho, J. Silva-Farfan, J. Arredondo, G. Cabrera-Vives, R. Carrasco-Davis, P.A. Estevez, P. Huijse, E. Reyes, I. Reyes, P. Sanchez-Saez, C. Valenzuela, E. Castillo, D. Ruz-Mieres, D. Rodriguez-Mancini, M. Catelan, S. Eyheramendy, M.J. Graham on behalf of the ALeRCE broker",2021-10-31 17:44:00,ZTF18aaewdgq,2021TNSTR3699....1D,2025TNSCR1457....1H,2021-10-31 17:44:03,2025-04-20 00:25:32
93937,SN,2021abcz,116.0364627,43.0299919,0.08,4,SN Ib,48,ZTF,48,ZTF,2021-10-01 10:40:48.000,19.58,111,r,C. Fremling (Caltech) on behalf of the Zwicky Transient Facility (ZTF) collaboration,2021-10-12 00:10:40,ZTF21acezmjk,2021TNSTR3492....1F,2025TNSCR1457....1H,2021-10-12 00:10:41,2025-04-20 00:25:32
107489,SN,2022imn,188.2544765,1.7453423,0.07,4,SN Ib,74,ALeRCE,48,ZTF,2022-04-26 05:35:25.999,18.5382,111,r,"A. Munoz-Arancibia, F. Forster, F.E. Bauer, G. Pignata, A. Mourao, L. Hernandez-Garcia, L. Galbany, R. Hoshino, E. Camacho, J. Silva-Farfan, J. Arredondo, G. Cabrera-Vives, R. Carrasco-Davis, P.A. Estevez, P. Huijse, A. Moya E. Reyes, I. Reyes, P. Sanchez-Saez, D. Rodriguez-Mancini, M. Catelan, S. Eyheramendy, M.J. Graham on behalf of the ALeRCE broker",2022-04-26 23:47:58,ZTF22aahqtmf,2022TNSTR1074....1M,2025TNSCR1457....1H,2022-04-26 23:48:03,2025-04-20 00:25:31
106851,SN,2022hos,253.323713961,7.94930712739,0.09,4,SN Ib,74,ALeRCE,48,ZTF,2022-04-14 09:35:10.000,19.6204,111,r,"A. Munoz-Arancibia, F.E. Bauer, F. Forster, G. Pignata, A. Mourao, L. Hernandez-Garcia, L. Galbany, R. Hoshino, E. Camacho, J. Silva-Farfan, J. Arredondo, G. Cabrera-Vives, R. Carrasco-Davis, P.A. Estevez, P. Huijse, A. Moya E. Reyes, I. Reyes, P. Sanchez-Saez, D. Rodriguez-Mancini, M. Catelan, S. Eyheramendy, M.J. Graham on behalf of the ALeRCE broker",2022-04-14 22:27:43,"ZTF22aafsgwa, PS22drr, ATLAS22nbu",2022TNSTR.967....1M,2025TNSCR1457....1H,2022-04-14 22:27:47,2025-04-20 00:25:31
175905,SN,2025fly,115.1220026,13.8759171,0.02907,4,SN Ib,74,ALeRCE,48,ZTF,2025-03-23 04:05:16.002,20.3806,110,g,"F. Forster, F.E. Bauer, G. Pignata, A. Munoz-Arancibia, A. Mourao, L. Hernandez-Garcia, L. Galbany, J. Silva-Farfan, R. Dastidar, J.P. Brandt, A. Alvarez, G. Cabrera-Vives, R. Carrasco-Davis, P.A. Estevez, B. Gamboa, P. Huijse, H. Larranaga, C. Mansilla, K. Medina, D. Moreno, E. Munoz, E. Pizarro, I. Reyes, P. Sanchez-Saez, D. Rodriguez-Mancini, M. Catelan, S. Eyheramendy, M.J. Graham on behalf of the ALeRCE broker",2025-03-23 12:24:42,"ZTF25aakbbof, ATLAS25dkb",2025TNSTR1093....1F,2025TNSCR1420....1D,2025-03-23 12:24:44,2025-04-17 14:07:57
173324,SN,2025cnj,174.0272729,62.2469961,0.0325,4,SN Ib,48,ZTF,48,ZTF,2025-02-23 07:26:55.000,19.5047,110,g,"Wynn Jacobson-Galán (Caltech), Jesper Sollerman (SU), Christoffer Fremling (Caltech), Daniel Perley (LJMU), Theophile du Laz (Caltech) on behalf of ZTF",2025-02-24 07:49:51,ZTF25aafzmjz,2025TNSTR.762....1J,2025TNSCR.898....1D,2025-02-24 07:49:52,2025-03-05 18:04:24
164934,SN,2024zbc,59.8457850433,43.3124533423,0.017068,4,SN Ib,48,ZTF,48,ZTF,2024-10-24 08:32:01.999,20.3524,110,g,"Jesper Sollerman (SU), Christoffer Fremling (Caltech), Daniel Perley (LJMU), Theophile du Laz (Caltech) on behalf of ZTF",2024-10-24 12:24:25,"ZTF24abojoup, ATLAS24puf, GOTO24hwa, PS24mig",2024TNSTR4135....1S,2024TNSCR4318....1D,2024-10-24 12:24:26,2024-12-08 00:10:17
164943,SN,2024zbl,169.477133,-2.090483,0.025064,4,SN Ib,74,ALeRCE,48,ZTF,2024-10-24 12:47:43.002,18.0154,111,r,"A. Munoz-Arancibia, F. Forster, F.E. Bauer, G. Pignata, A. Mourao, L. Hernandez-Garcia, L. Galbany, J. Silva-Farfan, R. Dastidar, J.P. Brandt, A. Alvarez, G. Cabrera-Vives, R. Carrasco-Davis, P.A. Estevez, B. Gamboa, P. Huijse, H. Larranaga, C. Mansilla, K. Medina, D. Moreno, E. Munoz, E. Pizarro, I. Reyes, P. Sanchez-Saez, D. Rodriguez-Mancini, M. Catelan, S. Eyheramendy, M.J. Graham on behalf of the ALeRCE broker",2024-10-24 13:57:14,"ZTF24abokfqm, GOTO24hvs, ATLAS24qcq, BGEM J111754.51-020525.7, PS25b",2024TNSTR4128....1M,2024TNSCR4453....1Q,2024-10-24 13:57:15,2024-11-26 10:16:05
162981,SN,2024wyw,23.6173598326,37.0810459297,0.04,4,SN Ib,74,ALeRCE,48,ZTF,2024-09-30 10:51:49.997,18.9399,110,g,"A. Munoz-Arancibia, G. Pignata, F.E. Bauer, F. Forster, A. Mourao, L. Hernandez-Garcia, L. Galbany, J. Silva-Farfan, R. Dastidar, J.P. Brandt, A. Alvarez, G. Cabrera-Vives, R. Carrasco-Davis, P.A. Estevez, B. Gamboa, P. Huijse, H. Larranaga, C. Mansilla, K. Medina, D. Moreno, E. Munoz, E. Pizarro, I. Reyes, P. Sanchez-Saez, D. Rodriguez-Mancini, M. Catelan, S. Eyheramendy, M.J. Graham on behalf of the ALeRCE broker",2024-09-30 16:52:11,"ZTF24abkiblx, ATLAS24owe, GOTO24gsz, PS24kxl",2024TNSTR3778....1M,2024TNSCR4538....1S,2024-09-30 16:52:12,2024-11-18 21:12:39
162082,SN,2024vrr,139.184167,19.932719,0.025762,4,SN Ib,48,ZTF,48,ZTF,2024-09-18 12:15:50.996,19.3596,111,r,"Jesper Sollerman (SU), Christoffer Fremling (Caltech), Daniel Perley (LJMU), Theophile du Laz (Caltech) on behalf of ZTF",2024-09-19 12:52:05,"ZTF24abigauq, GOTO24ggo, ATLAS24oum, Gaia24cvw, PS24jmt, BGEM J091644.19+195557.9",2024TNSTR3599....1S,2024TNSCR4009....1S,2024-09-19 12:52:06,2024-10-14 21:07:51
163372,SN,2024xnv,81.7741676,51.3339619,0.028316,4,SN Ib,74,ALeRCE,48,ZTF,2024-10-08 11:44:40.998,19.2298,111,r,"A. Munoz-Arancibia, F. Forster, F.E. Bauer, G. Pignata, A. Mourao, L. Hernandez-Garcia, L. Galbany, J. Silva-Farfan, R. Dastidar, J.P. Brandt, A. Alvarez, G. Cabrera-Vives, R. Carrasco-Davis, P.A. Estevez, B. Gamboa, P. Huijse, H. Larranaga, C. Mansilla, K. Medina, D. Moreno, E. Munoz, E. Pizarro, I. Reyes, P. Sanchez-Saez, D. Rodriguez-Mancini, M. Catelan, S. Eyheramendy, M.J. Graham on behalf of the ALeRCE broker",2024-10-08 14:07:01,ZTF24ablmayf,2024TNSTR3899....1M,2024TNSCR4011....1R,2024-10-08 14:07:03,2024-10-14 19:08:45
161171,SN,2024ukp,114.7948622,59.1601491,0.01177,4,SN Ib,48,ZTF,48,ZTF,2024-08-23 11:38:49.004,18.5545,112,i,"Jesper Sollerman (SU), Christoffer Fremling (Caltech), Daniel Perley (LJMU), Theophile du Laz (Caltech) on behalf of ZTF",2024-09-03 12:30:08,ZTF24abcqasv,2024TNSTR3267....1S,2024TNSCR3693....1S,2024-09-03 12:30:09,2024-09-24 08:50:00
159774,SN,2024sjw,28.5730256725,4.25449245521,0.05,4,SN Ib,74,ALeRCE,48,ZTF,2024-08-17 10:07:03.000,19.2826,110,g,"F. Forster, F.E. Bauer, G. Pignata, A. Munoz-Arancibia, A. Mourao, L. Hernandez-Garcia, L. Galbany, J. Silva-Farfan, R. Dastidar, J.P. Brandt, A. Alvarez, G. Cabrera-Vives, R. Carrasco-Davis, P.A. Estevez, B. Gamboa, P. Huijse, H. Larranaga, C. Mansilla, K. Medina, D. Moreno, E. Munoz, E. Pizarro, I. Reyes, P. Sanchez-Saez, D. Rodriguez-Mancini, M. Catelan, S. Eyheramendy, M.J. Graham on behalf of the ALeRCE broker",2024-08-17 18:08:35,"ZTF24abbsuhu, ATLAS24nlg, PS24jdk",2024TNSTR2979....1F,2024TNSCR3256....1M,2024-08-17 18:08:40,2024-09-19 22:57:59
79314,SN,2021fxn,199.6507324,8.0010395,0.043647,4,SN Ib,48,ZTF,48,ZTF,2021-02-17 12:04:33.024,20.4542,110,g,K. De (Caltech) on behalf of ZTF,2021-03-17 16:00:12,ZTF21aapjavr,2021TNSTR.792....1D,2024TNSCR3605....1T,2021-03-17 16:00:14,2024-09-19 21:39:00
160021,SN,2024ssn,22.4974208215,0.491533096345,0.033,4,SN Ib,48,ZTF,48,ZTF,2024-08-21 08:33:16.001,19.2727,110,g,"Jesper Sollerman (SU), Christoffer Fremling (Caltech), Daniel Perley (LJMU), Theophile du Laz (Caltech) on behalf of ZTF",2024-08-25 09:47:05,"ZTF24abchdsc, ATLAS24nlh, PS24jcm,",2024TNSTR3081....1S,2024TNSCR3098....1M,2024-08-25 09:47:06,2024-09-19 12:33:18
89260,SN,2021uim,215.4986402,28.8696354,0.0295,4,SN Ib,48,ZTF,48,ZTF,2021-07-30 04:22:18.624,20.122,111,r,K. De (Caltech) on behalf of ZTF,2021-07-30 17:00:25,"ZTF21abpnotj, ATLAS21beba",2021TNSTR2618....1D,2024TNSCR3580....1T,2021-07-30 17:00:26,2024-09-18 23:11:45
90364,SN,2021vyd,50.0385386,63.6629947,0.0108,4,SN Ib,48,ZTF,48,ZTF,2021-08-09 11:20:55.104,20.0016,111,r,K. De (Caltech) on behalf of ZTF,2021-08-14 08:00:25,"ZTF21absagis, ATLAS21bghz",2021TNSTR2813....1D,2024TNSCR3589....1S,2021-08-14 08:00:26,2024-09-18 23:07:01
92477,SN,2021zap,30.336036527273,55.255440227273,0.028006,4,SN Ib,74,ALeRCE,48,ZTF,2021-09-16 10:47:33.000,19.8307,111,r,"A. Munoz-Arancibia, F. Forster, F.E. Bauer, G. Pignata, L. Hernandez-Garcia, A. Mourao, L. Galbany, E. Camacho, J. Silva-Farfan, J. Arredondo, G. Cabrera-Vives, R. Carrasco-Davis, P.A. Estevez, P. Huijse, E. Reyes, I. Reyes, P. Sanchez-Saez, C. Valenzuela, E. Castillo, D. Ruz-Mieres, D. Rodriguez-Mancini, M. Catelan, S. Eyheramendy, M.J. Graham on behalf of the ALeRCE broker",2021-09-16 17:40:15,"ZTF21accpwgb, ATLAS21bjek",2021TNSTR3204....1M,2024TNSCR3587....1S,2021-09-16 17:40:21,2024-09-18 22:59:51
108928,SN,2022kgn,204.1251374,65.3428439,0.02806,4,SN Ib,48,ZTF,48,ZTF,2022-05-18 05:20:44.736,19.8345,111,r,K. De (Caltech) on behalf of ZTF,2022-05-20 19:03:14,ZTF22aakgnmo,2022TNSTR1361....1D,2024TNSCR3581....1F,2022-05-20 19:03:15,2024-09-18 22:13:07
131241,SN,2023lcz,36.5827875,46.2516847,0.031041,4,SN Ib,48,ZTF,48,ZTF,2023-06-17 11:03:50.400,19.03,111,r,C. Fremling (Caltech) on behalf of the Zwicky Transient Facility (ZTF) collaboration,2023-06-18 17:24:13,ZTF23aaomomk,2023TNSTR1424....1F,2024TNSCR3553....1D,2023-06-18 17:24:13,2024-09-17 20:46:58
135368,SN,2023qxy,288.1965613,22.2645662,0.030174,4,SN Ib,48,ZTF,48,ZTF,2023-08-25 05:42:43.200,19.622,111,r,K. De (Caltech) on behalf of ZTF,2023-08-27 21:00:39,ZTF23aazqccu,2023TNSTR2093....1D,2024TNSCR3553....1D,2023-08-27 21:00:41,2024-09-17 19:13:51
158822,SN,2024rbc,3.08935889705,31.063364657,0.016,4,SN Ib,48,ZTF,48,ZTF,2024-08-03 08:20:55.104,20.5443,110,g,K. De (Caltech) on behalf of ZTF,2024-08-03 20:00:19,"ZTF24aaymkrs, ATLAS24mky, GOTO24elc, PS24hud,",2024TNSTR2747....1D,2024TNSCR2931....1S,2024-08-03 20:00:29,2024-09-06 19:53:19
160100,SN,2024svo,0.454594431761,-4.34393790617,0.05,4,SN Ib,81,SGLF,48,ZTF,2024-08-26 10:06:48.000,19.385,110,g,"I. Pérez-Fournon, F. Poidevin (IAC and ULL), C. Jaén-Martín (ULL), C. Jiménez Ángel (GRANTECAN), Z. Delgado-González (ULL), R. Shirley (MPE), R. Marques-Chaves (Univ. of Geneva), and S. Geier (GRANTECAN & IAC) on behalf of SGLF",2024-08-26 11:16:31,"ZTF24abcuuro, BGEM J000149.06-042038.1, PS24ijs, ATLAS24ocm",2024TNSTR3091....1P,2024TNSCR3256....1M,2024-08-26 11:16:32,2024-09-02 06:41:11
153409,SN,2024lea,32.54145,39.1884302,0.017846,4,SN Ib,48,ZTF,48,ZTF,2024-06-10 11:08:47.996,19.1022,111,r,"Jacob Wise (LJMU), Christoffer Fremling (Caltech), Daniel Perley (LJMU), Theophile du Laz (Caltech) on behalf of ZTF",2024-06-13 14:38:00,ZTF24aarlcuo,2024TNSTR1932....1W,2024TNSCR2694....1Q,2024-06-13 14:38:01,2024-07-31 17:17:55
155645,SN,2024mzu,224.896404,49.3284,0.0267600007,4,SN Ib,81,SGLF,48,ZTF,2024-06-28 05:41:02.000,19.472,110,g,"I. Pérez-Fournon, F. Poidevin (IAC and ULL), C. Jiménez Ángel (GRANTECAN),  Z. Delgado-González (ULL), R. Shirley (MPE), R. Marques-Chaves (Univ. of Geneva),  and S. Geier (GRANTECAN & IAC) on behalf of SGLF",2024-06-28 08:49:32,"ZTF24aatqiio, ATLAS24kny",2024TNSTR2157....1P,2024TNSCR2538....1S,2024-06-28 08:49:33,2024-07-22 19:07:06
43637,SN,2019odp,346.829542,13.85595,0.014353,4,SN Ib,48,ZTF,48,ZTF,2019-08-21 09:19:53.000,18.72,110,g,"J. Nordin, V. Brinnel, M. Giomi, J. van Santen (HU Berlin), A. Gal-Yam, O. Yaron, S. Schulze (Weizmann) on behalf of ZTF",2019-08-22 10:55:30,"ZTF19abqwtfu, PS19ern, ATLAS19thw, Gaia19evl",2019TNSTR1585....1N,"2019TNSCR1595....1B, 2019TNSCR2847....1F, 2024TNSCR1671....1S",2019-08-22 10:55:30,2024-05-27 16:15:56
149971,SN,2024gry,253.728465584,22.5089125249,0.031579,4,SN Ib,82,AMPEL,48,ZTF,2024-04-17 09:06:44.352,19.63,111,r,"J. Nordin, V. Brinnel, J. van Santen (HU Berlin), A. Gal-Yam, O. Yaron (Weizmann) on behalf of ZTF",2024-04-17 11:34:35,"ZTF24aakaiqs, PS24bvu, ATLAS24gfq",2024TNSTR1091....1N,2024TNSCR1373....1J,2024-04-17 11:34:36,2024-05-03 18:35:55
141618,SN,2023zms,197.723085507,8.70330137093,0.021,4,SN Ib,74,ALeRCE,48,ZTF,2023-12-09 12:11:55.997,17.2196,110,g,"A. Munoz-Arancibia, F.E. Bauer, F. Forster, G. Pignata, A. Mourao, L. Hernandez-Garcia, J.P. Brandt, L. Galbany, J. Silva-Farfan, R. Dastidar, A. Alvarez, G. Cabrera-Vives, R. Carrasco-Davis, P.A. Estevez, P. Gallardo, P. Huijse, H. Larranaga, E. Pizarro, I. Reyes, P. Sanchez-Saez, A. Sepulveda, D. Rodriguez-Mancini, M. Catelan, S. Eyheramendy, M.J. Graham on behalf of the ALeRCE broker",2023-12-11 02:11:33,"ZTF23absjgsh, ATLAS23xoz, PS24bsv",2023TNSTR3193....1M,2023TNSCR3219....1S,2023-12-11 02:11:37,2024-04-19 10:56:20
72322,SN,2020abqx,178.102766766,67.5477449476,,4,SN Ib,48,ZTF,48,ZTF,2020-12-03 12:50:24.000,19.22,110,g,C. Fremling (Caltech) on behalf of the Zwicky Transient Facility (ZTF) collaboration,2020-12-05 14:37:39,"ZTF20acvebcu, ATLAS20bgye, PS20mkm",2020TNSTR3674....1F,2021TNSCR..50....1B,2020-12-05 14:37:40,2024-02-28 00:05:03
80194,SN,2021hen,196.9328598,24.8105317,0.0211,4,SN Ib,74,ALeRCE,48,ZTF,2021-03-28 08:07:19.004,18.7906,111,r,"F. Forster, F.E. Bauer, G. Pignata, A. Munoz-Arancibia, L. Hernandez-Garcia, L. Galbany, E. Camacho, J. Silva-Farfan, A. Mourao, J. Arredondo, G. Cabrera-Vives, R. Carrasco-Davis, P.A. Estevez, P. Huijse, E. Reyes, I. Reyes, P. Sanchez-Saez, C. Valenzuela, E. Castillo, D. Ruz-Mieres, D. Rodriguez-Mancini, M. Catelan, S. Eyheramendy, M.J. Graham on behalf of the ALeRCE broker",2021-03-28 19:19:51,"ZTF21aaqwfqe, ATLAS21jgy",2021TNSTR.942....1F,"2021TNSCR.963....1P, 2022TNSCR1989....1S",2021-03-28 19:19:54,2024-02-27 13:15:02
142085,SN,2023aaeg,15.98825,80.660989,0.025948,4,SN Ib,48,ZTF,48,ZTF,2023-12-13 03:17:29.760,19.7627,111,r,K. De (Caltech) on behalf of ZTF,2023-12-15 05:00:16,"ZTF23abtopsg, Gaia23dto, ATLAS23xyz",2023TNSTR3268....1D,2024TNSCR..23....1J,2023-12-15 05:00:18,2024-01-03 19:08:57
139608,SN,2023wpm,163.787542,21.772119,0.02394,4,SN Ib,74,ALeRCE,48,ZTF,2023-11-04 11:42:05.003,18.9779,110,g,"F. Forster, F.E. Bauer, G. Pignata, A. Munoz-Arancibia, A. Mourao, L. Hernandez-Garcia, J.P. Brandt, L. Galbany, J. Silva-Farfan, R. Dastidar, E. Camacho, A. Alvarez, G. Cabrera-Vives, R. Carrasco-Davis, P.A. Estevez, P. Gallardo, P. Huijse, H. Larranaga, E. Pizarro, I. Reyes, P. Sanchez-Saez, A. Sepulveda, D. Rodriguez-Mancini, M. Catelan, S. Eyheramendy, M.J. Graham on behalf of the ALeRCE broker",2023-11-04 22:27:58,"ZTF23abovaur, ATLAS23vgy, PS23ltt, Gaia23drb",2023TNSTR2831....1F,2023TNSCR2969....1T,2023-11-04 22:28:02,2023-12-22 10:52:17
141304,SN,2023zaw,67.3343111038,70.4270898348,,4,SN Ib,48,ZTF,48,ZTF,2023-12-07 05:34:06.000,19.3423,110,g,Jesper Sollerman on behalf of ZTF,2023-12-07 11:50:35,"ZTF23absbqun, ATLAS23wuw, PS23luh",2023TNSTR3158....1S,2023TNSCR3248....1G,2023-12-07 11:50:37,2023-12-14 11:30:00
134238,SN,2023plg,109.263167,24.95875,0.027,4,SN Ib,74,ALeRCE,48,ZTF,2023-08-14 11:53:32.004,18.7077,111,r,"A. Munoz-Arancibia, F.E. Bauer, F. Forster, G. Pignata, A. Mourao, L. Hernandez-Garcia, L. Galbany, J. Silva-Farfan, R. Dastidar, E. Camacho, J. Arredondo, G. Cabrera-Vives, R. Carrasco-Davis, P.A. Estevez, P. Huijse, A. Moya, E. Reyes, I. Reyes, P. Sanchez-Saez, D. Rodriguez-Mancini, M. Catelan, S. Eyheramendy, M.J. Graham on behalf of the ALeRCE broker",2023-08-14 23:50:15,"ZTF23aaxuvkn, PS23kjt, ATLAS23vel, Gaia23dcz",2023TNSTR1949....1M,2023TNSCR2869....1M,2023-08-14 23:50:17,2023-11-18 11:47:32
139239,SN,2023wbt,356.463157367,-6.78225775479,0.036,4,SN Ib,48,ZTF,48,ZTF,2023-10-22 06:23:32.640,20.6393,110,g,K. De (Caltech) on behalf of ZTF,2023-10-30 07:00:18,"ZTF23abnpoqp, PS23kei, ATLAS23vdm",2023TNSTR2773....1D,2023TNSCR2785....1H,2023-10-30 07:00:30,2023-11-02 21:56:56
138146,SN,2023uvr,239.45234863333,64.007708366667,0.0312450007,4,SN Ib,74,ALeRCE,48,ZTF,2023-10-07 04:19:29.004,19.4102,111,r,"F. Forster, G. Pignata, F.E. Bauer, A. Munoz-Arancibia, A. Mourao, R. Dastidar, L. Hernandez-Garcia, L. Galbany, E. Camacho, J. Silva-Farfan, J. Arredondo, G. Cabrera-Vives, R. Carrasco-Davis, P.A. Estevez, P. Huijse, E. Reyes, I. Reyes, P. Sanchez-Saez, C. Valenzuela, E. Castillo, D. Ruz-Mieres, D. Rodriguez-Mancini, M. Catelan, S. Eyheramendy, M.J. Graham on behalf of the ALeRCE broker",2023-10-13 20:03:01,ZTF23abikioc,2023TNSTR2574....1F,2023TNSCR2812....1J,2023-10-13 20:03:22,2023-11-02 15:37:00
138566,SN,2023vck,107.3271467,20.6338263,0.0175989997,4,SN Ib,48,ZTF,48,ZTF,2023-10-15 11:04:43.104,19.917,110,g,K. De (Caltech) on behalf of ZTF,2023-10-16 07:00:50,"ZTF23abjzkmx, ATLAS23umx",2023TNSTR2614....1D,2023TNSCR2815....1D,2023-10-16 07:00:50,2023-11-02 15:35:59
139238,SN,2023wbs,112.59592026,61.8187120799,0.038,4,SN Ib,48,ZTF,48,ZTF,2023-10-24 09:48:46.368,19.8475,111,r,K. De (Caltech) on behalf of ZTF,2023-10-30 03:00:39,"ZTF23abnbfda, PS23kdv",2023TNSTR2773....1D,2023TNSCR2797....1D,2023-10-30 03:00:40,2023-11-02 11:19:55
135696,SN,2023rkg,327.393167,-22.121739,0.007,4,SN Ib,48,ZTF,48,ZTF,2023-08-12 08:32:38.400,19.94,110,g,C. Fremling (Caltech) on behalf of the Zwicky Transient Facility (ZTF) collaboration,2023-09-05 19:27:48,"ZTF23aawzdxd, ATLAS23siu, Gaia23csc",2023TNSTR2177....1F,2023TNSCR2482....1A,2023-09-05 19:27:49,2023-10-04 17:28:24
135934,SN,2023rti,295.845333,41.940431,0.017646,4,SN Ib,48,ZTF,48,ZTF,2023-09-08 07:50:52.800,19.81,110,g,C. Fremling (Caltech) on behalf of the Zwicky Transient Facility (ZTF) collaboration,2023-09-08 11:27:00,"ZTF23abbpswf, ATLAS23set, Gaia23csf",2023TNSTR2211....1F,2023TNSCR2388....1J,2023-09-08 11:27:01,2023-10-03 10:25:59
132846,SN,2023nlj,239.74567191667,76.503654458333,0.03,4,SN Ib,74,ALeRCE,48,ZTF,2023-07-18 06:20:47.996,20.1122,110,g,"A. Munoz-Arancibia, F.E. Bauer, F. Forster, G. Pignata, A. Mourao, L. Hernandez-Garcia, L. Galbany, J. Silva-Farfan, R. Dastidar, E. Camacho, J. Arredondo, G. Cabrera-Vives, R. Carrasco-Davis, P.A. Estevez, P. Huijse, A. Moya, E. Reyes, I. Reyes, P. Sanchez-Saez, D. Rodriguez-Mancini, M. Catelan, S. Eyheramendy, M.J. Graham on behalf of the ALeRCE broker",2023-07-18 23:26:42,"ZTF23aaspcfl, ATLAS23pwq",2023TNSTR1700....1M,2023TNSCR2166....1S,2023-07-18 23:26:49,2023-09-04 02:46:52
132914,SN,2023nny,218.0041093,36.3055779,0.012628,4,SN Ib,74,ALeRCE,48,ZTF,2023-07-20 05:18:19.999,17.7168,110,g,"A. Munoz-Arancibia, F. Forster, F.E. Bauer, G. Pignata, A. Mourao, L. Hernandez-Garcia, L. Galbany, J. Silva-Farfan, R. Dastidar, E. Camacho, J. Arredondo, G. Cabrera-Vives, R. Carrasco-Davis, P.A. Estevez, P. Huijse, A. Moya, E. Reyes, I. Reyes, P. Sanchez-Saez, D. Rodriguez-Mancini, M. Catelan, S. Eyheramendy, M.J. Graham on behalf of the ALeRCE broker",2023-07-20 14:11:02,ZTF23aaszwst,2023TNSTR1713....1M,2023TNSCR1758....1S,2023-07-20 14:11:04,2023-07-24 18:09:37
129144,SN,2023icl,183.27760335,79.029823725,0.045,4,SN Ib,74,ALeRCE,48,ZTF,2023-05-12 08:54:30.997,19.03,111,r,"A. Munoz-Arancibia, G. Pignata, F.E. Bauer, F. Forster, A. Mourao, L. Hernandez-Garcia, L. Galbany, J. Silva-Farfan, R. Dastidar, E. Camacho, J. Arredondo, G. Cabrera-Vives, R. Carrasco-Davis, P.A. Estevez, P. Huijse, A. Moya E. Reyes, I. Reyes, P. Sanchez-Saez, D. Rodriguez-Mancini, M. Catelan, S. Eyheramendy, M.J. Graham on behalf of the ALeRCE broker",2023-05-13 00:32:05,"ZTF23aajfdxf, ATLAS23kln",2023TNSTR1078....1M,2023TNSCR1395....1J,2023-05-13 00:32:14,2023-06-15 17:29:55
130337,SN,2023jus,209.26727329,9.61537380732,0.06,4,SN Ib,48,ZTF,48,ZTF,2023-05-17 07:14:52.800,20.87,110,g,C. Fremling (Caltech) on behalf of the Zwicky Transient Facility (ZTF) collaboration,2023-06-02 11:25:23,"ZTF23aaljzew, PS23dwv",2023TNSTR1301....1F,2023TNSCR1367....1D,2023-06-02 11:25:24,2023-06-11 10:27:23
123909,SN,2023apq,234.918902033,-20.6013168917,0.022539,4,SN Ib,48,ZTF,48,ZTF,2023-01-24 12:50:24.000,20.03,110,g,C. Fremling (Caltech) on behalf of the Zwicky Transient Facility (ZTF) collaboration,2023-01-25 15:30:27,"ZTF23aabffbw, ATLAS23bnk, PS23brb",2023TNSTR.194....1F,2023TNSCR.624....1S,2023-01-25 15:30:29,2023-04-10 22:56:05
121984,SN,2022addz,118.638890477,18.3281176422,0.0448,4,SN Ib,48,ZTF,48,ZTF,2022-12-15 08:10:38.208,19.2833,111,r,K. De (Caltech) on behalf of ZTF,2022-12-19 00:01:03,"ZTF22abyzcaf, ATLAS22bojn, PS23cg",2022TNSTR3620....1D,2022TNSCR3642....1L,2022-12-19 00:01:04,2023-01-14 12:19:07
119558,SN,2022zpp,30.9593138118,-7.12313523977,0.0425,4,SN Ib,48,ZTF,48,ZTF,2022-11-04 06:33:07.200,19.29,110,g,C. Fremling (Caltech) on behalf of the Zwicky Transient Facility (ZTF) collaboration,2022-11-06 10:20:46,"ZTF22absphuu, ATLAS22blph, PS22myd",2022TNSTR3235....1F,2022TNSCR3552....1P,2022-11-06 10:20:48,2022-12-20 18:25:54
117574,SN,2022wux,119.612629582,57.0614412083,0.028,4,SN Ib,48,ZTF,48,ZTF,2022-10-01 10:50:52.800,20.22,111,r,C. Fremling (Caltech) on behalf of the Zwicky Transient Facility (ZTF) collaboration,2022-10-05 18:22:45,"ZTF22abkabeh, ATLAS22bjea, PS22mts",2022TNSTR2895....1F,2022TNSCR3212....1T,2022-10-05 18:22:46,2022-12-20 14:57:32
70577,SN,2020zfo,342.2663907,20.6743869775,0.05,4,SN Ib,74,ALeRCE,48,ZTF,2020-11-11 03:40:53.000,19.7299,111,r,"F. Forster, F.E. Bauer, A. Munoz-Arancibia, L. Hernandez-Garcia, G. Pignata, L. Galbany, G. Pignata, E. Camacho, J. Silva-Farfan, A. Mourao, J. Arredondo, G. Cabrera-Vives, R. Carrasco-Davis, P.A. Estevez, P. Huijse, E. Reyes, I. Reyes, P. Sanchez-Saez, C. Valenzuela, E. Castillo, D. Ruz-Mieres, D. Rodriguez-Mancini, M. Catelan, S. Eyheramendy, M.J. Graham on behalf of the ALeRCE broker",2020-11-11 21:42:04,"ZTF20acpjodk, PS20lcm, ATLAS20bflh",2020TNSTR3415....1F,2022TNSCR3431....1T,2020-11-11 21:42:26,2022-11-24 14:51:49
115877,SN,2022ujq,16.9131144731,-6.77271990765,0.043,4,SN Ib,74,ALeRCE,48,ZTF,2022-09-17 07:37:29.997,20.3661,110,g,"F. Forster, F.E. Bauer, G. Pignata, A. Munoz-Arancibia, A. Mourao, R. Dastidar, L. Hernandez-Garcia, L. Galbany, E. Camacho, J. Silva-Farfan, J. Arredondo, G. Cabrera-Vives, R. Carrasco-Davis, P.A. Estevez, P. Huijse, E. Reyes, I. Reyes, P. Sanchez-Saez, C. Valenzuela, E. Castillo, D. Ruz-Mieres, D. Rodriguez-Mancini, M. Catelan, S. Eyheramendy, M.J. Graham on behalf of the ALeRCE broker",2022-09-17 19:27:56,"ZTF22abfyqsc, ATLAS22bfva, PS22ked",2022TNSTR2674....1F,2022TNSCR2957....1J,2022-09-17 19:28:19,2022-10-12 22:09:50
112967,SN,2022qdg,280.58213532222,17.706883966667,0.012,4,SN Ib,48,ZTF,48,ZTF,2022-07-30 06:07:12.000,19.06,111,r,C. Fremling (Caltech) on behalf of the Zwicky Transient Facility (ZTF) collaboration,2022-07-30 15:53:56,"ZTF22aaxtias, ATLAS22xqj",2022TNSTR2150....1F,"2022TNSCR2307....1H, 2022TNSCR2450....1P",2022-07-30 15:53:57,2022-08-24 20:17:06
112119,SN,2022oxj,325.829249982,5.58082833691,0.04,4,SN Ib,74,ALeRCE,48,ZTF,2022-07-14 07:44:18.004,19.5366,111,r,"F. Forster, F.E. Bauer, G. Pignata, A. Munoz-Arancibia, A. Mourao, R. Dastidar, L. Hernandez-Garcia, L. Galbany, E. Camacho, J. Silva-Farfan, J. Arredondo, G. Cabrera-Vives, R. Carrasco-Davis, P.A. Estevez, P. Huijse, E. Reyes, I. Reyes, P. Sanchez-Saez, C. Valenzuela, E. Castillo, D. Ruz-Mieres, D. Rodriguez-Mancini, M. Catelan, S. Eyheramendy, M.J. Graham on behalf of the ALeRCE broker",2022-07-17 02:44:29,"ZTF22aatunnt, PS22gog",2022TNSTR2004....1F,2022TNSCR2254....1H,2022-07-17 02:44:34,2022-08-22 12:33:43
113608,SN,2022rbo,102.6087354,43.0467054,0.018853,4,SN Ib,48,ZTF,48,ZTF,2022-08-09 11:55:40.800,17.95,111,r,C. Fremling (Caltech) on behalf of the Zwicky Transient Facility (ZTF) collaboration,2022-08-10 15:54:17,ZTF22aazqoey,2022TNSTR2293....1F,2022TNSCR2395....1S,2022-08-10 15:54:19,2022-08-20 13:30:31
66139,SN,2020stn,279.246183099,30.6159010002,0.0254,4,SN Ib,74,ALeRCE,48,ZTF,2020-09-07 04:10:21.003,20.3717,110,g,"F. Forster, L. Hernandez-Garcia, A. Munoz-Arancibia, F.E. Bauer, L. Galbany, G. Pignata, E. Camacho, J. Silva-Farfan, A. Mourao, J. Arredondo, G. Cabrera-Vives, R. Carrasco-Davis, P.A. Estevez, P. Huijse, E. Reyes, I. Reyes, P. Sanchez-Saez, C. Valenzuela, E. Castillo, D. Ruz-Mieres, D. Rodriguez-Mancini, M. Catelan, S. Eyheramendy, M.J. Graham on behalf of the ALeRCE broker",2020-09-07 19:42:58,"ZTF20abysxbk, PS20hho, ATLAS20bbih",2020TNSTR2741....1F,2022TNSCR1960....1S,2020-09-07 19:43:04,2022-07-12 10:31:31
110766,SN,2022mya,260.28355617,16.0590190335,0.03,4,SN Ib,74,ALeRCE,48,ZTF,2022-06-18 07:33:23.999,18.8674,111,r,"F. Forster, F.E. Bauer, G. Pignata, A. Munoz-Arancibia, A. Mourao, R. Dastidar, L. Hernandez-Garcia, L. Galbany, E. Camacho, J. Silva-Farfan, J. Arredondo, G. Cabrera-Vives, R. Carrasco-Davis, P.A. Estevez, P. Huijse, E. Reyes, I. Reyes, P. Sanchez-Saez, C. Valenzuela, E. Castillo, D. Ruz-Mieres, D. Rodriguez-Mancini, M. Catelan, S. Eyheramendy, M.J. Graham on behalf of the ALeRCE broker",2022-06-18 20:31:26,"ZTF22aaolhhl, ATLAS22qyz, PS22fqi",2022TNSTR1691....1F,2022TNSCR1760....1S,2022-06-18 20:31:29,2022-06-26 17:25:27
106630,SN,2022hgk,212.598667,44.233681,0.033,4,SN Ib,48,ZTF,48,ZTF,2022-04-06 08:15:21.600,20.67,111,r,C. Fremling (Caltech) on behalf of the Zwicky Transient Facility (ZTF) collaboration,2022-04-10 20:16:58,"ZTF22aaezyos, ATLAS22ntv, Gaia22cbz",2022TNSTR.932....1F,2022TNSCR1362....1P,2022-04-10 20:16:59,2022-06-02 08:08:57
109241,SN,2022ksf,209.104766782,-0.250051793525,0.03,4,SN Ib,81,SGLF,48,ZTF,2022-05-23 05:36:18.000,19.808,110,g,"I. Perez-Fournon, C. Jimenez Angel, F. Poidevin (IAC & ULL), Z. Delgado-Gonzalez (ULL), R. Shirley (Univ. of Southampton), R. Marques-Chaves (Univ. of Geneva), S. Geier (GRANTECAN & IAC), Y. Shu (MPA), S. Rodney (Univ. of South Carolina), J. Roberts-Pierel (STScI), A. Bolton (NSF's NOIRLab), S. Chakrabarti, P. Craig, and B. Alamiri (RIT)",2022-05-25 08:37:51,"ZTF22aakpyqw, PS22elq, ATLAS22ozs",2022TNSTR1420....1P,2022TNSCR1501....1T,2022-05-25 08:37:51,2022-05-31 11:12:40
106129,SN,2022gnp,172.136708,58.5632,0.010411,4,SN Ib,48,ZTF,48,ZTF,2022-04-05 07:55:12.000,17.72,111,r,C. Fremling (Caltech) on behalf of the Zwicky Transient Facility (ZTF) collaboration,2022-04-05 12:11:38,"ZTF22aadoihx, PS22dhc, ZTF22aagbnze, Gaia22bzu",2022TNSTR.882....1F,2022TNSCR.946....1C,2022-04-05 12:11:39,2022-05-31 07:56:08
105685,SN,2022fxc,127.36158162632,63.261892215789,0.024,4,SN Ib,74,ALeRCE,48,ZTF,2022-04-02 06:56:06.999,20.2217,110,g,"F. Forster, A. Munoz-Arancibia, F.E. Bauer, G. Pignata, A. Mourao, R. Dastidar, L. Hernandez-Garcia, L. Galbany, E. Camacho, J. Silva-Farfan, J. Arredondo, G. Cabrera-Vives, R. Carrasco-Davis, P.A. Estevez, P. Huijse, E. Reyes, I. Reyes, P. Sanchez-Saez, C. Valenzuela, E. Castillo, D. Ruz-Mieres, D. Rodriguez-Mancini, M. Catelan, S. Eyheramendy, M.J. Graham on behalf of the ALeRCE broker",2022-04-03 00:18:19,"ZTF22aadnjsh, ATLAS22mhy, ZTF22aagadmn",2022TNSTR.859....1F,2022TNSCR1242....1F,2022-04-03 00:18:26,2022-05-09 19:23:41
105815,SN,2022gbn,210.82140286,24.6441550271,0.0354,4,SN Ib,74,ALeRCE,48,ZTF,2022-04-03 07:57:18.999,19.1465,110,g,"F. Forster, A. Munoz-Arancibia, F.E. Bauer, G. Pignata, A. Mourao, R. Dastidar, L. Hernandez-Garcia, L. Galbany, E. Camacho, J. Silva-Farfan, J. Arredondo, G. Cabrera-Vives, R. Carrasco-Davis, P.A. Estevez, P. Huijse, E. Reyes, I. Reyes, P. Sanchez-Saez, C. Valenzuela, E. Castillo, D. Ruz-Mieres, D. Rodriguez-Mancini, M. Catelan, S. Eyheramendy, M.J. Graham on behalf of the ALeRCE broker",2022-04-03 21:41:07,"ZTF22aaebkwd, ZTF22aagolrb, PS22dyo",2022TNSTR.859....1F,2022TNSCR1190....1H,2022-04-03 21:41:17,2022-05-04 21:16:04
101168,SN,2022cvl,199.952660733,22.8696784679,0.023,4,SN Ib,74,ALeRCE,48,ZTF,2022-02-20 09:41:44.002,18.9722,110,g,"F. Forster, F.E. Bauer, G. Pignata, A. Munoz-Arancibia, A. Mourao, R. Dastidar, L. Hernandez-Garcia, L. Galbany, E. Camacho, J. Silva-Farfan, J. Arredondo, G. Cabrera-Vives, R. Carrasco-Davis, P.A. Estevez, P. Huijse, E. Reyes, I. Reyes, P. Sanchez-Saez, C. Valenzuela, E. Castillo, D. Ruz-Mieres, D. Rodriguez-Mancini, M. Catelan, S. Eyheramendy, M.J. Graham on behalf of the ALeRCE broker",2022-02-20 19:25:51,"ZTF22aabnzsk, ATLAS22gho, PS22cby",2022TNSTR.458....1F,2022TNSCR.541....1F,2022-02-20 19:25:58,2022-03-13 00:52:40
101034,SN,2022cqx,152.659387489,16.6851409234,0.018,4,SN Ib,48,ZTF,48,ZTF,2022-02-18 04:55:12.000,18.48,110,g,C. Fremling (Caltech) on behalf of the Zwicky Transient Facility (ZTF) collaboration,2022-02-18 12:08:46,"ZTF22aabdvnv, ATLAS22gez, PS22bma",2022TNSTR.439....1F,"2022TNSCR.500....1K, 2022TNSCR.502....1D",2022-02-18 12:08:47,2022-02-24 10:56:01
94343,SN,2021absd,102.312354239,72.6234567715,0.036,4,SN Ib,48,ZTF,48,ZTF,2021-10-11 08:39:50.400,20.1,111,r,C. Fremling (Caltech) on behalf of the Zwicky Transient Facility (ZTF) collaboration,2021-10-17 18:26:29,"ZTF21achgfbk, ATLAS21blfh, PS21ojz",2021TNSTR3562....1F,2021TNSCR4119....1C,2021-10-17 18:26:30,2021-12-31 20:25:26
89231,SN,2021uhk,351.556647524,1.14557090358,0.035,4,SN Ib,74,ALeRCE,48,ZTF,2021-07-29 09:08:38.996,19.4697,111,r,"A. Munoz-Arancibia, F. Forster, F.E. Bauer, G. Pignata, L. Hernandez-Garcia, L. Galbany, E. Camacho, J. Silva-Farfan, A. Mourao, J. Arredondo, G. Cabrera-Vives, R. Carrasco-Davis, P.A. Estevez, P. Huijse, E. Reyes, I. Reyes, P. Sanchez-Saez, C. Valenzuela, E. Castillo, D. Ruz-Mieres, D. Rodriguez-Mancini, M. Catelan, S. Eyheramendy, M.J. Graham on behalf of the ALeRCE broker",2021-07-29 20:29:27,"ZTF21abplhpw, PS21iiz, ATLAS21bcsb",2021TNSTR2594....1M,2021TNSCR2668....1M,2021-07-29 20:29:32,2021-12-29 17:42:16
93178,SN,2021aaad,93.5830033666,66.304448201,0.013096,4,SN Ib,48,ZTF,48,ZTF,2021-09-30 08:46:56.352,18.2742,111,r,K. De (Caltech) on behalf of ZTF,2021-09-30 09:01:05,"ZTF21aceehxt, ATLAS21bjta, PS21ngh",2021TNSTR3359....1D,2021TNSCR3486....1P,2021-09-30 09:01:06,2021-12-20 18:40:19
87114,SN,2021rfv,348.99636431,27.4541757974,0.024,4,SN Ib,48,ZTF,48,ZTF,2021-06-27 10:26:24.000,19.62,111,r,C. Fremling (Caltech) on behalf of the Zwicky Transient Facility (ZTF) collaboration,2021-06-29 14:40:48,"ZTF21abieuta, ATLAS21badt, PS21mir",2021TNSTR2247....1F,2021TNSCR2529....1P,2021-06-29 14:40:49,2021-11-13 09:42:21
88901,SN,2021tux,17.9079058453,-18.0284836727,0.03,4,SN Ib,74,ALeRCE,48,ZTF,2021-07-17 10:03:13.997,20.0547,111,r,"A. Munoz-Arancibia, F. Forster, F.E. Bauer, G. Pignata, L. Hernandez-Garcia, L. Galbany, E. Camacho, J. Silva-Farfan, A. Mourao, J. Arredondo, G. Cabrera-Vives, R. Carrasco-Davis, P.A. Estevez, P. Huijse, E. Reyes, I. Reyes, P. Sanchez-Saez, C. Valenzuela, E. Castillo, D. Ruz-Mieres, D. Rodriguez-Mancini, M. Catelan, S. Eyheramendy, M.J. Graham on behalf of the ALeRCE broker",2021-07-20 18:08:30,"ZTF21abngbrl, ATLAS21bcfu, PS21ijj",2021TNSTR2507....1M,2021TNSCR2659....1P,2021-07-20 18:08:37,2021-09-12 21:50:02
90085,SN,2021vnw,103.895292,39.764931,0.017166,4,SN Ib,48,ZTF,48,ZTF,2021-08-08 12:02:52.800,18.52,111,r,C. Fremling (Caltech) on behalf of the Zwicky Transient Facility (ZTF) collaboration,2021-08-10 17:41:24,"ZTF21abrqrsz, Gaia21dze, PS21mcy",2021TNSTR2755....1F,2021TNSCR3014....1C,2021-08-10 17:41:26,2021-09-02 22:27:20
84554,SN,2021nng,214.3452232,58.7497078,0.03975,4,SN Ib,48,ZTF,48,ZTF,2021-05-20 08:47:29.184,19.6069,110,g,K. De (Caltech) on behalf of ZTF,2021-05-27 20:00:26,ZTF21abccaue,2021TNSTR1820....1D,2021TNSCR2748....1C,2021-05-27 20:00:27,2021-08-09 22:03:15
87127,SN,2021rgi,308.941090417,-25.2911692399,0.017,4,SN Ib,74,ALeRCE,48,ZTF,2021-06-29 10:03:37.999,19.1618,111,r,"A. Munoz-Arancibia, F. Forster, F.E. Bauer, G. Pignata, L. Hernandez-Garcia, L. Galbany, E. Camacho, J. Silva-Farfan, A. Mourao, J. Arredondo, G. Cabrera-Vives, R. Carrasco-Davis, P.A. Estevez, P. Huijse, E. Reyes, I. Reyes, P. Sanchez-Saez, C. Valenzuela, E. Castillo, D. Ruz-Mieres, D. Rodriguez-Mancini, M. Catelan, S. Eyheramendy, M.J. Graham on behalf of the ALeRCE broker",2021-06-29 18:15:52,"ZTF21abimnii, ATLAS21badl, PS21iis",2021TNSTR2240....1M,2021TNSCR2419....1P,2021-06-29 18:15:55,2021-07-31 21:14:55
87197,SN,2021riw,211.1514797,13.1354816,0.09,4,SN Ib,74,ALeRCE,48,ZTF,2021-06-27 05:06:59.996,20.8087,110,g,"A. Munoz-Arancibia, F. Forster, F.E. Bauer, G. Pignata, L. Hernandez-Garcia, L. Galbany, E. Camacho, J. Silva-Farfan, A. Mourao, J. Arredondo, G. Cabrera-Vives, R. Carrasco-Davis, P.A. Estevez, P. Huijse, E. Reyes, I. Reyes, P. Sanchez-Saez, C. Valenzuela, E. Castillo, D. Ruz-Mieres, D. Rodriguez-Mancini, M. Catelan, S. Eyheramendy, M.J. Graham on behalf of the ALeRCE broker",2021-07-01 20:18:38,"ZTF21abiricn, ATLAS21bbcr",2021TNSTR2266....1M,2021TNSCR2621....1P,2021-07-01 20:18:55,2021-07-30 01:06:03
87111,SN,2021rfs,332.910708,46.30785,0.018446,4,SN Ib,48,ZTF,48,ZTF,2021-06-26 10:53:45.600,19.87,110,g,C. Fremling (Caltech) on behalf of the Zwicky Transient Facility (ZTF) collaboration,2021-06-29 11:06:56,"ZTF21abimeun, ATLAS21zvd, Gaia21dgf",2021TNSTR2247....1F,"2021TNSCR2288....1S, 2021TNSCR2547....1C",2021-06-29 11:06:57,2021-07-14 07:35:11
85031,SN,2021ofi,206.10439147,20.418957509,0.02698,4,SN Ib,74,ALeRCE,48,ZTF,2021-06-02 05:04:57.999,20.3787,111,r,"A. Munoz-Arancibia, F. Forster, F.E. Bauer, G. Pignata, L. Hernandez-Garcia, L. Galbany, E. Camacho, J. Silva-Farfan, A. Mourao, J. Arredondo, G. Cabrera-Vives, R. Carrasco-Davis, P.A. Estevez, P. Huijse, E. Reyes, I. Reyes, P. Sanchez-Saez, C. Valenzuela, E. Castillo, D. Ruz-Mieres, D. Rodriguez-Mancini, M. Catelan, S. Eyheramendy, M.J. Graham on behalf of the ALeRCE broker",2021-06-02 18:51:39,"ZTF21abdkojo, ATLAS21qoz, PS21hln",2021TNSTR1862....1M,2021TNSCR2108....1D,2021-06-02 18:51:53,2021-07-07 10:41:54
84434,SN,2021niq,234.0279695,43.4059958,0.017578,4,SN Ib,74,ALeRCE,48,ZTF,2021-05-24 07:16:58.002,19.4564,111,r,"A. Munoz-Arancibia, F. Forster, F.E. Bauer, G. Pignata, L. Hernandez-Garcia, L. Galbany, E. Camacho, J. Silva-Farfan, A. Mourao, J. Arredondo, G. Cabrera-Vives, R. Carrasco-Davis, P.A. Estevez, P. Huijse, E. Reyes, I. Reyes, P. Sanchez-Saez, C. Valenzuela, E. Castillo, D. Ruz-Mieres, D. Rodriguez-Mancini, M. Catelan, S. Eyheramendy, M.J. Graham on behalf of the ALeRCE broker",2021-05-24 21:23:34,"ZTF21abcgnql, ATLAS21qii",2021TNSTR1788....1M,2021TNSCR2250....1D,2021-05-24 21:23:37,2021-06-29 23:53:52
82760,SN,2021kxr,160.187017,45.16246455,0.052068,4,SN Ib,74,ALeRCE,48,ZTF,2021-04-30 04:20:51.999,20.4435,110,g,"F. Forster, F.E. Bauer, A. Munoz-Arancibia, G. Pignata, A. Mourao, L. Hernandez-Garcia, L. Galbany, E. Camacho, J. Silva-Farfan, J. Arredondo, G. Cabrera-Vives, R. Carrasco-Davis, P.A. Estevez, P. Huijse, E. Reyes, I. Reyes, P. Sanchez-Saez, C. Valenzuela, E. Castillo, D. Ruz-Mieres, D. Rodriguez-Mancini, M. Catelan, S. Eyheramendy, M.J. Graham on behalf of the ALeRCE broker",2021-05-02 17:31:10,"ZTF21aayddkn, ATLAS21nxq",2021TNSTR1413....1F,2021TNSCR1879....1D,2021-05-02 17:31:32,2021-06-02 02:41:23
82844,SN,2021lax,212.3385,72.117269,0.033,4,SN Ib,82,AMPEL,48,ZTF,2021-05-04 09:17:32.352,19.28,111,r,"J. Nordin, V. Brinnel, J. van Santen (HU Berlin), A. Gal-Yam, O. Yaron, S. Schulze (Weizmann) on behalf of ZTF",2021-05-04 10:59:55,"ZTF21aayqrgx, Gaia21cof",2021TNSTR1445....1N,,2021-05-04 10:59:56,2021-05-30 04:59:54
80547,SN,2021hrj,156.923708,72.826939,0.022,4,SN Ib,74,ALeRCE,48,ZTF,2021-04-02 06:08:53.002,19.4524,111,r,"F. Forster, F.E. Bauer, G. Pignata, A. Munoz-Arancibia, L. Hernandez-Garcia, L. Galbany, E. Camacho, J. Silva-Farfan, A. Mourao, J. Arredondo, G. Cabrera-Vives, R. Carrasco-Davis, P.A. Estevez, P. Huijse, E. Reyes, I. Reyes, P. Sanchez-Saez, C. Valenzuela, E. Castillo, D. Ruz-Mieres, D. Rodriguez-Mancini, M. Catelan, S. Eyheramendy, M.J. Graham on behalf of the ALeRCE broker",2021-04-02 20:36:34,"ZTF21aarnjyd, ATLAS21kho, PS21dab, Gaia21cok",2021TNSTR.991....1F,"2021TNSCR1296....1D, 2021TNSCR1309....1T",2021-04-02 20:36:58,2021-05-29 09:33:35
83370,SN,2021lvb,262.147833,21.739489,0.03,4,SN Ib,74,ALeRCE,48,ZTF,2021-05-05 08:06:09.003,20.7526,111,r,"F. Forster, F.E. Bauer, A. Munoz-Arancibia, G. Pignata, A. Mourao, L. Hernandez-Garcia, L. Galbany, E. Camacho, J. Silva-Farfan, J. Arredondo, G. Cabrera-Vives, R. Carrasco-Davis, P.A. Estevez, P. Huijse, E. Reyes, I. Reyes, P. Sanchez-Saez, C. Valenzuela, E. Castillo, D. Ruz-Mieres, D. Rodriguez-Mancini, M. Catelan, S. Eyheramendy, M.J. Graham on behalf of the ALeRCE broker",2021-05-09 20:50:43,"ZTF21abahiow, ATLAS21ojm, Gaia21clu, PS21gbi",2021TNSTR1528....1F,2021TNSCR1616....1D,2021-05-09 20:50:49,2021-05-22 11:01:59
82268,SN,2021kev,220.569546447,8.99647817811,0.031275,4,SN Ib,74,ALeRCE,48,ZTF,2021-04-19 07:07:32.998,20.5621,110,g,"A. Munoz-Arancibia, F. Forster, F.E. Bauer, G. Pignata, L. Hernandez-Garcia, L. Galbany, E. Camacho, J. Silva-Farfan, A. Mourao, J. Arredondo, G. Cabrera-Vives, R. Carrasco-Davis, P.A. Estevez, P. Huijse, E. Reyes, I. Reyes, P. Sanchez-Saez, C. Valenzuela, E. Castillo, D. Ruz-Mieres, D. Rodriguez-Mancini, M. Catelan, S. Eyheramendy, M.J. Graham on behalf of the ALeRCE broker",2021-04-19 18:33:17,"ZTF21aawogdl, ATLAS21npf, PS21drp",2021TNSTR1264....1M,2021TNSCR1664....1D,2021-04-19 18:33:25,2021-05-16 19:33:35
79735,SN,2021gno,183.042875,13.249181,0.006211,4,SN Ib,48,ZTF,48,ZTF,2021-03-20 05:38:54.240,18.2017,111,r,"Rachel BRUCH, Erez Zimmerman (WIS), Joel Johansson (OKC)",2021-03-20 13:21:03,"ZTF21aaqhhfu, ATLAS21iro, PS21cjz, Gaia21cdw",2021TNSTR.843....1B,"2021TNSCR.884....1H, 2021TNSCR1008....1D, 2021TNSCR1009....1P",2021-03-20 13:21:03,2021-05-03 11:26:14
82526,SN,2021kos,175.079208,9.010461,0.006114,4,SN Ib,48,ZTF,48,ZTF,2021-04-19 05:25:26.400,18.34,111,r,C. Fremling (Caltech) on behalf of the Zwicky Transient Facility (ZTF) collaboration,2021-04-28 20:45:00,"ZTF21aawmdxw, PS21dll, Gaia21ccl, ATLAS21nns",2021TNSTR1375....1F,2021TNSCR1379....1P,2021-04-28 20:45:01,2021-04-29 15:04:18
81475,SN,2021jao,155.220458,6.1567,0.028,4,SN Ib,74,ALeRCE,48,ZTF,2021-04-11 04:41:02.999,20.2468,110,g,"F. Forster, A. Munoz-Arancibia, F.E. Bauer, G. Pignata, L. Hernandez-Garcia, L. Galbany, E. Camacho, J. Silva-Farfan, A. Mourao, J. Arredondo, G. Cabrera-Vives, R. Carrasco-Davis, P.A. Estevez, P. Huijse, E. Reyes, I. Reyes, P. Sanchez-Saez, C. Valenzuela, E. Castillo, D. Ruz-Mieres, D. Rodriguez-Mancini, M. Catelan, S. Eyheramendy, M.J. Graham on behalf of the ALeRCE broker",2021-04-11 17:55:50,"ZTF21aaufwyh, ATLAS21nch, Gaia21byx, PS21dqs",2021TNSTR1148....1F,2021TNSCR1308....1T,2021-04-11 17:55:58,2021-04-21 12:00:21
74563,SN,2021dx,49.8956370151,4.76013387955,0.0436,4,SN Ib,48,ZTF,48,ZTF,2021-01-02 05:36:57.600,20.0088,111,r,K. De (Caltech) on behalf of ZTF,2021-01-04 18:00:27,"ZTF21aaaroyw, PS21adh",2021TNSTR..34....1D,2021TNSCR.270....1W,2021-01-04 18:00:28,2021-02-16 11:29:11
73084,SN,2020acty,140.649961771,30.9946542916,0.047,4,SN Ib,74,ALeRCE,48,ZTF,2020-12-15 09:27:01.996,20.2009,110,g,"A. Munoz-Arancibia, F. Forster, F.E. Bauer, L. Hernandez-Garcia, G. Pignata, L. Galbany, E. Camacho, J. Silva-Farfan, A. Mourao, J. Arredondo, G. Cabrera-Vives, R. Carrasco-Davis, P.A. Estevez, P. Huijse, E. Reyes, I. Reyes, P. Sanchez-Saez, C. Valenzuela, E. Castillo, D. Ruz-Mieres, D. Rodriguez-Mancini, M. Catelan, S. Eyheramendy, M.J. Graham on behalf of the ALeRCE broker",2020-12-15 22:17:31,"ZTF20acxqxyw, PS20mhf, ATLAS20bjhl",2020TNSTR3792....1M,2021TNSCR..65....1R,2020-12-15 22:17:37,2021-01-06 23:19:56
71761,SN,2020aaxs,209.641409,37.4531996,0.0115,4,SN Ib,74,ALeRCE,48,ZTF,2020-11-25 12:11:08.002,17.0483,110,g,"A. Munoz-Arancibia, F. Forster, F.E. Bauer, L. Hernandez-Garcia, G. Pignata, L. Galbany, G. Pignata, E. Camacho, J. Silva-Farfan, A. Mourao, J. Arredondo, G. Cabrera-Vives, R. Carrasco-Davis, P.A. Estevez, P. Huijse, E. Reyes, I. Reyes, P. Sanchez-Saez, C. Valenzuela, E. Castillo, D. Ruz-Mieres, D. Rodriguez-Mancini, M. Catelan, S. Eyheramendy, M.J. Graham on behalf of the ALeRCE broker",2020-11-25 18:23:32,"ZTF20acqvwzm, ATLAS20bkdk",2020TNSTR3558....1M,2020TNSCR3859....1D,2020-11-25 18:23:38,2020-12-20 08:35:19
70725,SN,2020zlg,167.482230496,36.9457618713,0.03,4,SN Ib,74,ALeRCE,48,ZTF,2020-11-12 12:22:21.999,19.9564,110,g,"F. Forster, F.E. Bauer, A. Munoz-Arancibia, L. Hernandez-Garcia, G. Pignata, L. Galbany, G. Pignata, E. Camacho, J. Silva-Farfan, A. Mourao, J. Arredondo, G. Cabrera-Vives, R. Carrasco-Davis, P.A. Estevez, P. Huijse, E. Reyes, I. Reyes, P. Sanchez-Saez, C. Valenzuela, E. Castillo, D. Ruz-Mieres, D. Rodriguez-Mancini, M. Catelan, S. Eyheramendy, M.J. Graham on behalf of the ALeRCE broker",2020-11-12 21:03:09,"ZTF20acpzaoa, PS20lvr",2020TNSTR3425....1F,2020TNSCR3837....1D,2020-11-12 21:04:05,2020-12-18 17:04:23
68772,SN,2020wpq,31.2119151589,-17.761221437,0.038,4,SN Ib,48,ZTF,48,ZTF,2020-10-14 08:00:14.400,19.7425,111,r,K. De (Caltech) on behalf of ZTF,2020-10-14 22:01:24,"ZTF20acjbzrh, PS20jxd, ATLAS20beav",2020TNSTR3118....1D,2020TNSCR3243....1G,2020-10-14 22:01:25,2020-10-24 19:10:54
65629,SN,2020sai,48.345208,6.635,0.03,4,SN Ib,48,ZTF,48,ZTF,2020-08-21 10:49:26.400,20.04,110,g,C. Fremling (Caltech) on behalf of the Zwicky Transient Facility (ZTF) collaboration,2020-08-25 18:35:10,"ZTF20abvquuo, Gaia20eiu, PS20hrn",2020TNSTR2604....1F,2020TNSCR2904....1D,2020-08-25 18:35:11,2020-09-22 01:24:39
55244,SN,2020eai,74.7835433309,4.97272402797,0.015621,4,SN Ib,48,ZTF,48,ZTF,2020-03-05 03:23:05.856,18.57,110,g,"J. Nordin, V. Brinnel, M. Giomi, J. van Santen (HU Berlin), A. Gal-Yam, O. Yaron, S. Schulze (Weizmann) on behalf of ZTF",2020-03-05 05:13:44,"ZTF20aaskdhj, PS20yz, ATLAS20hth",2020TNSTR.728....1N,2020TNSCR.809....1P,2020-03-05 05:13:46,2020-08-31 10:11:02
62759,SN,2020obn,225.338030982,65.5042711344,0.031288,4,SN Ib,48,ZTF,48,ZTF,2020-07-07 04:49:00.480,19.402,111,r,K. De (Caltech) on behalf of ZTF,2020-07-07 05:00:46,"ZTF20abjpvce, PS20ets, ATLAS20sfj",2020TNSTR2058....1D,2020TNSCR2328....1P,2020-07-07 05:00:46,2020-07-29 17:56:38
47582,SN,2019txt,149.7765959,17.8194435,0.02639,4,SN Ib,48,ZTF,48,ZTF,2019-04-28 06:14:10.000,19.6855,111,r,K. De (Caltech) on behalf of ZTF,2019-11-02 07:41:38,ZTF19aasqseq,2019TNSTR2251....1D,2020TNSCR2316....1D,2019-11-02 07:41:38,2020-07-28 19:52:45
47574,SN,2019txl,143.2473696,27.5021678,0.033863,4,SN Ib,48,ZTF,48,ZTF,2019-03-14 04:54:57.000,20.0179,111,r,K. De (Caltech) on behalf of ZTF,2019-11-02 07:16:48,ZTF19aanfsmc,2019TNSTR2251....1D,2020TNSCR2316....1D,2019-11-02 07:16:48,2020-07-28 19:51:18
62303,SN,2020nke,256.25775,23.156881,0.0308,4,SN Ib,74,ALeRCE,48,ZTF,2020-06-24 05:49:05.002,19.5638,111,r,"F. Forster, F.E. Bauer, L. Galbany, G. Pignata, E. Camacho, J. Silva-Farfan, J. Arredondo, G. Cabrera-Vives, R. Carrasco-Davis, P.A. Estevez, P. Huijse, E. Reyes, I. Reyes, P. Sanchez-Saez, C. Valenzuela, E. Castillo, D. Ruz-Mieres, D. Rodriguez-Mancini, F.E. Bauer, M. Catelan, S. Eyheramendy, M.J. Graham on behalf of the ALeRCE broker",2020-06-24 21:14:09,"ZTF20abhlncz, ATLAS20qsj, PS20env, Gaia20ddf",2020TNSTR1909....1F,2020TNSCR2052....1D,2020-06-24 21:14:13,2020-06-24 21:14:13
62039,SN,2020nac,10.8526805,50.67445985,0.017409,4,SN Ib,74,ALeRCE,48,ZTF,2020-06-18 09:24:39.997,17.973,110,g,"F. Forster, F.E. Bauer, L. Galbany, G. Pignata, E. Camacho, J. Silva-Farfan, J. Arredondo, G. Cabrera-Vives, R. Carrasco-Davis, P.A. Estevez, P. Huijse, E. Reyes, I. Reyes, P. Sanchez-Saez, C. Valenzuela, E. Castillo, D. Ruz-Mieres, D. Rodriguez-Mancini, F.E. Bauer, M. Catelan, S. Eyheramendy, M.J. Graham on behalf of the ALeRCE broker",2020-06-18 18:59:21,"ZTF20abgbxvb, ATLAS20rxw",2020TNSTR1835....1F,2020TNSCR1891....1D,2020-06-18 18:59:36,2020-06-18 18:59:36
60581,SN,2020kzs,258.72927125714,35.520478857143,0.0374,4,SN Ib,48,ZTF,48,ZTF,2020-05-25 07:32:50.208,19.34,111,r,"J. Nordin, V. Brinnel, M. Giomi, J. van Santen (HU Berlin), A. Gal-Yam, O. Yaron, S. Schulze (Weizmann) on behalf of ZTF",2020-05-25 10:47:38,ZTF20abbpkng,2020TNSTR1558....1N,2020TNSCR1985....1D,2020-05-25 10:47:42,2020-05-25 10:47:42
60517,SN,2020kxg,200.002106212,-16.661127205,0.015,4,SN Ib,48,ZTF,48,ZTF,2020-05-24 06:00:37.152,19.06,110,g,"J. Nordin, V. Brinnel, M. Giomi, J. van Santen (HU Berlin), A. Gal-Yam, O. Yaron, S. Schulze (Weizmann) on behalf of ZTF",2020-05-24 07:46:55,"ZTF20abbhrrt, ATLAS20nmj, PS20dve",2020TNSTR1546....1N,2020TNSCR1773....1D,2020-05-24 07:46:57,2020-05-24 07:46:57
60380,SN,2020ksa,164.866434151,46.1245689584,0.022239,4,SN Ib,48,ZTF,48,ZTF,2020-05-22 04:18:34.848,18.8,110,g,"J. Nordin, V. Brinnel, M. Giomi, J. van Santen (HU Berlin), A. Gal-Yam, O. Yaron, S. Schulze (Weizmann) on behalf of ZTF",2020-05-22 06:06:23,"ZTF20abaszgh, ATLAS20npg, PS20dtg",2020TNSTR1457....1N,2020TNSCR1908....1D,2020-05-22 06:06:32,2020-05-22 06:06:32
59659,SN,2020jqx,214.55743925,-5.9418983,0.0599,4,SN Ib,74,ALeRCE,48,ZTF,2020-05-11 05:18:37.002,18.5371,110,g,"F. Forster, F.E. Bauer, L. Galbany, G. Pignata, E. Camacho, J. Silva-Farfan, J. Arredondo, G. Cabrera-Vives, R. Carrasco-Davis, P.A. Estevez, P. Huijse, E. Reyes, I. Reyes, P. Sanchez-Saez, C. Valenzuela, E. Castillo, D. Ruz-Mieres, D. Rodriguez-Mancini, F.E. Bauer, M. Catelan, S. Eyheramendy, M.J. Graham on behalf of the ALeRCE broker",2020-05-11 20:29:56,"ZTF20aazhyrs, ATLAS20mga",2020TNSTR1297....1F,"2020TNSCR1701....1J, 2020TNSCR1756....1D",2020-05-11 20:30:10,2020-05-11 20:30:10
59039,SN,2020itj,218.701639922,8.16956133833,0.033,4,SN Ib,74,ALeRCE,48,ZTF,2020-05-01 08:37:32.998,20.0287,111,r,"F. Forster, F.E. Bauer, L. Galbany, G. Pignata, E. Camacho, J. Silva-Farfan, J. Arredondo, G. Cabrera-Vives, R. Carrasco-Davis, P.A. Estevez, P. Huijse, E. Reyes, I. Reyes, P. Sanchez-Saez, C. Valenzuela, E. Castillo, D. Ruz-Mieres, D. Rodriguez-Mancini, F.E. Bauer, M. Catelan, S. Eyheramendy, M.J. Graham on behalf of the ALeRCE broker",2020-05-01 20:40:22,"ZTF20aaxvzja, ATLAS20mfc, PS20dtk",2020TNSTR1187....1F,2020TNSCR1269....1G,2020-05-01 20:40:24,2020-05-01 20:40:24
58365,SN,2020htt,157.90993525,-17.85224485,0.023,4,SN Ib,85,SIRAH,48,ZTF,2020-04-17 06:18:00.000,18.66,22,r,"Mi Dai, Saurabh Jha, Daichi Hiramatsu, Ismael Perez-Fournon, on behalf of the SIRAH team",2020-04-19 19:54:58,"ZTF20aavgmli, ATLAS20krp",2020TNSTR1073....1D,2020TNSCR1081....1P,2020-04-19 19:54:59,2020-04-19 19:54:59
58224,SN,2020hoi,183.440695699,24.3559895926,0.02091,4,SN Ib,48,ZTF,48,ZTF,2020-04-15 05:57:21.024,19.92,111,r,"J. Nordin, V. Brinnel, M. Giomi, J. van Santen (HU Berlin), A. Gal-Yam, O. Yaron, S. Schulze (Weizmann) on behalf of ZTF",2020-04-17 06:59:10,"ZTF18aakkrjm, ATLAS20kix, PS20cfo",2020TNSTR1061....1N,2020TNSCR1155....1P,2020-04-17 06:59:11,2020-04-17 06:59:11
56697,SN,2020fkb,172.126817,58.562994,0.01,4,SN Ib,74,ALeRCE,48,ZTF,2020-03-28 06:19:45.002,17.828,110,g,"G. Pignata, F.E. Bauer, F. Forster, J. Arredondo, G. Cabrera-Vives, R. Carrasco-Davis, P.A. Estevez, P. Huijse, E. Reyes, I. Reyes, P. Sanchez-Saez, C. Valenzuela, E. Castillo, D. Ruz-Mieres, D. Rodriguez-Mancini, F.E. Bauer, M. Catelan, S. Eyheramendy, M.J. Graham on behalf of the ALeRCE broker",2020-03-30 00:54:03,"ZTF18aarlpzd, , XM122HT",2020TNSTR.909....1P,2020TNSCR.967....1B,2020-03-30 00:54:13,2020-03-30 00:54:13
54225,SN,2020cpg,208.074917,13.575481,0.037,4,SN Ib,48,ZTF,48,ZTF,2020-02-15 12:02:07.000,18.79,111,r,"J. Nordin, V. Brinnel, M. Giomi, J. van Santen (HU Berlin), A. Gal-Yam, O. Yaron, S. Schulze (Weizmann) on behalf of ZTF",2020-02-15 13:23:03,"ZTF20aanvmdt, Gaia20auy, ATLAS20gcf, PS20ahf",2020TNSTR.511....1N,"2020TNSCR.571....1P, 2020TNSCR1498....1A",2020-02-15 13:23:07,2020-02-15 13:23:07
54127,SN,2020cln,124.8828213,-3.8834686,0.041,4,SN Ib,48,ZTF,48,ZTF,2020-02-12 06:33:50.000,19.8124,111,r,K. De (Caltech) on behalf of ZTF,2020-02-14 02:01:10,ZTF20aamrryv,2020TNSTR.494....1D,2020TNSCR.570....1A,2020-02-14 02:01:11,2020-02-14 02:01:11
53533,SN,2020bpf,103.847875,27.721969,0.02723,4,SN Ib,48,ZTF,48,ZTF,2020-01-28 04:38:29.000,20.5059,110,g,K. De (Caltech) on behalf of ZTF,2020-02-01 20:03:25,"ZTF20aalcyih, ATLAS20fpq, Gaia20azo",2020TNSTR.357....1D,2020TNSCR.534....1D,2020-02-01 20:03:26,2020-02-01 20:03:26
53189,SN,2020bcq,201.623567886,36.0085283506,0.018,4,SN Ib,48,ZTF,48,ZTF,2020-01-27 11:23:53.000,19.11,110,g,"J. Nordin, V. Brinnel, M. Giomi, J. van Santen (HU Berlin), A. Gal-Yam, O. Yaron, S. Schulze (Weizmann) on behalf of ZTF",2020-01-27 13:45:32,"ZTF20aajcdad, ATLAS20enf, PS20ll",2020TNSTR.284....1N,2020TNSCR.391....1D,2020-01-27 13:45:34,2020-01-27 13:45:34
52986,SN,2020avf,165.747583,-16.292069,0.013006,4,SN Ib,74,ALeRCE,48,ZTF,2020-01-25 07:33:02.000,18.8005,111,r,"F. Forster, G. Pignata, F.E. Bauer, J. Arredondo, G. Cabrera-Vives, R. Carrasco-Davis, P.A. Estevez, P. Huijse, E. Reyes, I. Reyes, P. Sanchez-Saez, C. Valenzuela, E. Castillo, D. Ruz-Mieres, D. Rodriguez-Mancini, F.E. Bauer, M. Catelan, S. Eyheramendy, M.J. Graham on behalf of the ALeRCE broker",2020-01-25 16:33:36,"ZTF20aaiahra, Gaia20ana, ATLAS20onj",2020TNSTR.253....1F,"2020TNSCR.369....1I, 2020TNSCR1489....1D",2020-01-25 16:33:41,2020-01-25 16:33:41
49318,SN,2019wmc,183.4660245,14.22100798,0.05016,4,SN Ib,74,ALeRCE,48,ZTF,2019-12-13 13:32:47.000,18.184,110,g,"F. Forster, F.E. Bauer, G. Pignata, J. Arredondo, G. Cabrera-Vives, R. Carrasco-Davis, P.A. Estevez, P. Huijse, E. Reyes, I. Reyes, P. Sanchez-Saez, C. Valenzuela, E. Castillo, D. Ruz-Mieres, D. Rodriguez-Mancini, F.E. Bauer, M. Catelan, S. Eyheramendy, M.J. Graham on behalf of the ALeRCE broker",2019-12-13 17:37:04,"ZTF19acyjzeo, ATLAS19bdhh",2019TNSTR2587....1F,"2019TNSCR2640....1M, 2020TNSCR1499....1D",2019-12-13 17:37:09,2019-12-13 17:37:09
47776,SN,2019uff,4.805333,-14.397839,0.026612,4,SN Ib,48,ZTF,48,ZTF,2019-11-02 04:58:42.000,19.59,110,g,"J. Nordin, V. Brinnel, M. Giomi, J. van Santen (HU Berlin), A. Gal-Yam, O. Yaron, S. Schulze (Weizmann) on behalf of ZTF",2019-11-05 05:22:32,"ZTF19acmelor, ATLAS19babr, Gaia19eyj",2019TNSTR2282....1N,2019TNSCR2367....1D,2019-11-05 05:22:32,2019-11-05 05:22:32
46526,SN,2019sjx,127.5623977,39.89234385,0.0305,4,SN Ib,74,ALeRCE,48,ZTF,2019-10-10 11:12:46.000,19.7827,110,g,F. Forster on behalf of the ALeRCE broker,2019-10-10 14:21:23,"ZTF19acdabep, ATLAS19ype",2019TNSTR2051....1F,2019TNSCR2340....1D,2019-10-10 14:21:26,2019-10-10 14:21:26
45897,SN,2019rlw,108.083042,66.203531,0.027,4,SN Ib,74,ALeRCE,48,ZTF,2019-09-30 10:50:28.000,19.7296,110,g,F. Forster on behalf of the ALeRCE broker,2019-09-30 15:25:27,"ZTF19acbmojx, PS19gbq, Gaia19esv",2019TNSTR1946....1F,2019TNSCR2039....1D,2019-09-30 15:25:31,2019-09-30 15:25:31
45497,SN,2019qwo,46.401583,-21.82625,0.045,4,SN Ib,48,ZTF,48,ZTF,2019-09-22 12:02:49.000,19.18,110,g,"J. Nordin, V. Brinnel, M. Giomi, J. van Santen (HU Berlin), A. Gal-Yam, O. Yaron, S. Schulze (Weizmann) on behalf of ZTF",2019-09-25 09:54:11,"ZTF19abzqywg, Gaia19ehm, PS19fzp",2019TNSTR1912....1N,2019TNSCR2026....1D,2019-09-25 09:54:12,2019-09-25 09:54:12
45476,SN,2019qvt,47.256417,24.043939,0.0535,4,SN Ib,48,ZTF,48,ZTF,2019-09-21 10:35:04.000,19.66,111,r,"J. Nordin, V. Brinnel, M. Giomi, J. van Santen (HU Berlin), A. Gal-Yam, O. Yaron, S. Schulze (Weizmann) on behalf of ZTF",2019-09-24 12:19:16,"ZTF19abztknu, ATLAS19wln, Gaia19ejo, PS19hvr",2019TNSTR1905....1N,2019TNSCR2115....1D,2019-09-24 12:19:18,2019-09-24 12:19:18
44354,SN,2019pfb,294.9470933,59.3679986,0.03683,4,SN Ib,74,ALeRCE,48,ZTF,2019-09-01 07:36:43.000,19.0551,110,g,F. Forster on behalf of the ALeRCE broker,2019-09-01 15:23:31,ZTF19abvdgqo,2019TNSTR1684....1F,"2019TNSCR1749....1T, 2019TNSCR2851....1F",2019-09-01 15:23:33,2019-09-01 15:23:33
44189,SN,2019oys,106.996917,31.665361,0.016501,4,SN Ib,48,ZTF,48,ZTF,2019-08-28 11:36:57.000,19.14,110,g,C. Fremling (Caltech) on behalf of the Zwicky Transient Facility (ZTF) collaboration,2019-08-29 18:08:23,"ZTF19abucwzt, Gaia19dwe, ATLAS19uui, PS19gjs",2019TNSTR1661....1F,2019TNSCR1846....1F,2019-08-29 18:08:24,2019-08-29 18:08:24
43859,SN,2019omd,9.24081780411,-3.82755302241,0.082,4,SN Ib,48,ZTF,48,ZTF,2019-08-24 09:32:36.000,19.01,111,r,"J. Nordin, V. Brinnel, M. Giomi, J. van Santen (HU Berlin), A. Gal-Yam, O. Yaron, S. Schulze (Weizmann) on behalf of ZTF",2019-08-24 11:51:58,"ZTF19abqxibq, PS19faz",2019TNSTR1608....1N,2020TNSCR1972....1D,2019-08-24 11:52:00,2019-08-24 11:52:00
43838,SN,2019oli,14.5250442119,-15.5585913811,0.065,4,SN Ib,74,ALeRCE,48,ZTF,2019-08-23 10:00:50.000,19.3533,110,g,F. Forster on behalf of the ALeRCE broker,2019-08-23 20:07:02,"ZTF19abrirmk, PS19fjn",2019TNSTR1589....1F,2019TNSCR1961....1D,2019-08-23 20:07:08,2019-08-23 20:07:08
43486,SN,2019nxu,0.801758977986,-10.83528251,0.0296,4,SN Ib,48,ZTF,48,ZTF,2019-08-15 09:31:39.000,19.5,111,r,"J. Nordin, V. Brinnel, M. Giomi, J. van Santen (HU Berlin), A. Gal-Yam, O. Yaron, S. Schulze (Weizmann) on behalf of ZTF",2019-08-20 13:17:27,"ZTF19abqqrgy, ATLAS19unf, PS19gfq",2019TNSTR1555....1N,2019TNSCR1961....1D,2019-08-20 13:17:28,2019-08-20 13:17:28
42049,SN,2019luy,6.08899116046,10.1024529941,0.045,4,SN Ib,48,ZTF,48,ZTF,2019-07-26 10:06:54.000,19.48,111,r,"J. Nordin, V. Brinnel, M. Giomi, J. van Santen (HU Berlin), A. Gal-Yam, O. Yaron, S. Schulze (Weizmann) on behalf of ZTF",2019-07-26 14:45:25,"ZTF19abiqnpv, PS19eyb",2019TNSTR1330....1N,2019TNSCR1390....1A,2019-07-26 14:45:31,2019-07-26 14:45:31
36653,SN,2019dxr,227.863141939,5.20055158629,0.04,4,SN Ib,48,ZTF,48,ZTF,2019-04-15 09:06:36.000,20.47,111,r,"J. Nordin, V. Brinnel, M. Giomi, J. van Santen (HU Berlin), A. Gal-Yam, O. Yaron, S. Schulze (Weizmann) on behalf of ZTF",2019-04-25 05:30:49,"ZTF19aarnqys, ATLAS19hxo, PS19wz",2019TNSTR.635....1N,"2019TNSCR.772....1S, 2019TNSCR2809....1F",2019-04-25 05:30:51,2019-04-25 05:30:51
36208,SN,2019dgw,287.7991293,48.4926506,0.095,4,SN Ib,48,ZTF,48,ZTF,2019-04-11 11:47:45.000,18.84,110,g,"J. Nordin, V. Brinnel, M. Giomi, J. van Santen (HU Berlin), A. Gal-Yam, O. Yaron, S. Schulze (Weizmann) on behalf of ZTF",2019-04-11 13:14:10,ZTF19aapwnmb,2019TNSTR.548....1N,2019TNSCR.733....1F,2019-04-11 13:14:11,2019-04-11 13:14:11
36190,SN,2019dge,264.1947591,50.5478107,0.0213,4,SN Ib,48,ZTF,48,ZTF,2019-04-07 10:44:44.000,18.76,111,r,"J. Nordin, V. Brinnel, M. Giomi, J. van Santen (HU Berlin), A. Gal-Yam, O. Yaron, S. Schulze (Weizmann) on behalf of ZTF",2019-04-11 11:18:09,"ZTF18abfcmjw, ATLAS19bftt",2019TNSTR.548....1N,"2020TNSCR.913....1Y, 2020TNSCR1667....1D",2019-04-11 11:18:10,2019-04-11 11:18:10
35215,SN,2019bwi,141.354254,65.4675014,0.02968,4,SN Ib,48,ZTF,48,ZTF,2019-03-14 04:41:23.000,18.85,111,r,"J. Nordin, V. Brinnel, M. Giomi, J. van Santen (HU Berlin), A. Gal-Yam, O. Yaron, S. Schulze (Weizmann) on behalf of ZTF",2019-03-18 09:33:48,"ZTF19aamgghn, ATLAS19gul",2019TNSTR.404....1N,"2019TNSCR.446....1F, 2019TNSCR2789....1F",2019-03-18 09:33:48,2019-03-18 09:33:48
34819,SN,2019bhh,221.871258747,-4.93498971841,0.0439,4,SN Ib,48,ZTF,48,ZTF,2019-02-26 08:02:24.000,18.81,111,r,C. Fremling (Caltech) on behalf of the Zwicky Transient Facility (ZTF) collaboration,2019-02-28 08:51:44,"ZTF19aalahqa, PS19cwn, ATLAS19gva",2019TNSTR.299....1F,2019TNSCR.411....1F,2019-02-28 08:51:45,2019-02-28 08:51:45
32914,SN,2018lai,135.560670262,14.5072871363,0.031,4,SN Ib,48,ZTF,48,ZTF,2018-12-28 10:34:41.000,18.85,111,r,"J. Nordin, V. Brinnel, M. Giomi, J. van Santen (HU Berlin), A. Gal-Yam, O. Yaron, S. Schulze (Weizmann) on behalf of ZTF",2018-12-29 11:58:00,"ZTF18aczcumi, PS19bf",2018TNSTR2003....1N,2019TNSCR..32....1F,2018-12-29 11:58:00,2018-12-29 11:58:00
31352,SN,2018isl,123.699625,33.888389,0.0445,4,SN Ib,48,ZTF,48,ZTF,2018-11-16 11:28:14.000,18.9326,111,r,"J. Nordin, V. Brinnel, M. Giomi, J. van Santen (HU Berlin), A. Gal-Yam, O. Yaron, S. Schulze (Weizmann) on behalf of ZTF",2018-11-20 14:49:56,"ZTF18acnncve, ATLAS18zlk, Gaia18dph",2018TNSTR1801....1N,2020TNSCR1972....1D,2018-11-20 14:49:59,2018-11-20 14:49:59
28693,SN,2018eva,238.0443962,13.0226953,0.04,4,SN Ib,48,ZTF,48,ZTF,2018-08-02 06:33:07.000,19.17,111,r,C. Fremling (Caltech) on behalf of the Zwicky Transient Facility (ZTF) collaboration,2018-08-09 23:04:46,ZTF18abjyjdz,2018TNSTR1132....1F,2018TNSCR1271....1F,2018-08-09 23:04:47,2018-08-09 23:04:47
27004,SN,2018cim,239.413792,78.612231,0.035,4,SN Ib,48,ZTF,48,ZTF,2018-06-06 09:17:16.000,18.41,111,r,C. Fremling (Caltech) on behalf of the Zwicky Transient Facility (ZTF) collaboration,2018-06-10 05:06:25,"ZTF18aaygwqd, Gaia18bnt",2018TNSTR.790....1F,2018TNSCR.815....1F,2018-06-10 05:06:26,2018-06-10 05:06:26
