"ID","Name","RA","DEC","Obj. Type","Redshift","Host Name","Host Redshift","Reporting Group/s","Discovery Data Source/s","Classifying Group/s","Associated Group/s","Disc. Internal Name","Disc. Instrument/s","Class. Instrument/s","TNS AT","Public","End Prop. Period","Discovery Mag/Flux","Discovery Filter","Discovery Date (UT)","Sender","Remarks","Unreal","Discovery Bibcode","Classification Bibcodes","Ext. catalog/s","Auto classification"
"207943","SN 2026loz","13:26:37.234","-12:06:11.00","SN Ia","0.141","","","GOTO, ZTF","GOTO, ZTF","SCAT","GOTO, ZTF","GOTO26ejj","GOTO-S - GOTO-3, P48 - ZTF-Cam","UH88 - SNIFS","1","1","","19.9","L-GOTO","2026-05-07 14:51:45.792","GOTO_bot","","","2026TNSTR1968....1O","2026TNSCR1999....1H","",""
"207922","SN 2026log","15:38:25.317","+02:50:28.66","SN Ia","0.076221","LEDA 1238879","0.07622","ALeRCE, GOTO, ATLAS","ZTF, GOTO, ATLAS","ZTF","ATLAS, GOTO, ZTF","ZTF26aauxkmg","ATLAS-CHL - ATLAS-04, ATLAS-TDO - ATLAS-05, GOTO-N - GOTO-1, P48 - ZTF-Cam","P60 - SEDM","1","1","","18.7549","g-ZTF","2026-05-07 08:51:56.998","ALeRCE","","","2026TNSTR1964....1M","2026TNSCR2000....1F","",""
"207908","SN 2026lns","13:29:49.691","-05:45:05.96","SN Ia","0.0686","","","ZTF, GOTO, LAST, ATLAS","ZTF, GOTO, LAST, ATLAS","ZTF","ATLAS, GOTO, LAST, ZTF","ZTF26aauvdne","ATLAS-CHL - ATLAS-04, ATLAS-TDO - ATLAS-05, GOTO-S - GOTO-3, LAST - LAST-Cam, P48 - ZTF-Cam","P60 - SEDM","1","1","","19.2662","r-ZTF","2026-05-07 05:03:27.996","Fritz","","","2026TNSTR1975....1S","","",""
"207886","SN 2026lmw","13:07:35.674","+15:13:24.73","SN Ia","0.0776178","","","ZTF, ATLAS","ZTF, ATLAS","ZTF","ATLAS, ZTF","ZTF26aaurvzt","ATLAS-CHL - ATLAS-04, ATLAS-HKO - ATLAS-02, P48 - ZTF-Cam","P60 - SEDM","1","1","","19.2447","g-ZTF","2026-05-02 06:00:17.003","Fritz","","","2026TNSTR1975....1S","2026TNSCR2000....1F","",""
"207830","SN 2026lky","12:45:09.372","-35:13:48.39","SN Ia","0.056","","","GOTO, ATLAS","GOTO, ATLAS","ePESSTO+","ATLAS, GOTO","GOTO26edr","ATLAS-CHL - ATLAS-04, ATLAS-MLO - ATLAS-01, GOTO-S - GOTO-4","ESO-NTT - EFOSC2-NTT","1","1","","18.76","L-GOTO","2026-05-05 10:22:43.680","GOTO_bot","","","2026TNSTR1940....1O","2026TNSCR1962....1K","",""
"207819","SN 2026lkn","12:49:29.093","-11:24:12.79","SN","0.047","","","GOTO, ATLAS, ZTF, Pan-STARRS","GOTO, ATLAS, ZTF, Pan-STARRS","ePESSTO+","ATLAS, GOTO, Pan-STARRS, ZTF","GOTO26edu","ATLAS-CHL - ATLAS-04, ATLAS-MLO - ATLAS-01, GOTO-S - GOTO-3, P48 - ZTF-Cam, PS1 - GPC1","ESO-NTT - EFOSC2-NTT","1","1","","18.68","L-GOTO","2026-05-05 10:10:28.416","GOTO_bot","","","2026TNSTR1940....1O","2026TNSCR1962....1K","",""
"207800","SN 2026ljy","12:35:42.787","-04:05:03.13","SN Ia","0.06","","","ATLAS, GOTO, ZTF, Fink","ATLAS, GOTO, ZTF","ePESSTO+","ATLAS, GOTO, ZTF","ATLAS26fdy","ATLAS-CHL - ATLAS-04, ATLAS-TDO - ATLAS-05, GOTO-N - GOTO-1, GOTO-S - GOTO-3, P48 - ZTF-Cam","ESO-NTT - EFOSC2-NTT","1","1","","18.773","orange-ATLAS","2026-05-05 03:04:54.624","ATLAS_Bot1","","","2026TNSTR1938....1T","2026TNSCR1980....1C","",""
"207797","SN 2026ljv","15:03:12.643","+44:22:24.77","SN Ia","0.04","","","ATLAS, ZTF, GOTO, WFST","ATLAS, ZTF, GOTO, WFST","ZTF","ATLAS, GOTO, WFST, ZTF","ATLAS26fdt","ATLAS-MLO - ATLAS-01, GOTO-N - GOTO-2, P48 - ZTF-Cam, WFST - WFST-WFC","P60 - SEDM","1","1","","17.392","orange-ATLAS","2026-05-04 09:43:12.000","ATLAS_Bot1","","","2026TNSTR1938....1T","2026TNSCR1982....1J","",""
"207786","SN 2026ljl","22:27:22.588","-19:36:17.23","SN Ia","0.04","","","ATLAS, GOTO","ATLAS, GOTO","ePESSTO+","ATLAS, GOTO","ATLAS26fda","ATLAS-CHL - ATLAS-04, ATLAS-STH - ATLAS-03, GOTO-S - GOTO-3","ESO-NTT - EFOSC2-NTT","1","1","","17.957","orange-ATLAS","2026-05-04 03:08:14.208","ATLAS_Bot1","","","2026TNSTR1928....1T","2026TNSCR1949....1K","",""
"207743","SN 2026lhu","14:24:23.100","+25:47:19.64","SN Ia","0.069","","","ATLAS, GOTO, WFST","ATLAS, GOTO, WFST","SCAT","ATLAS, GOTO, WFST","ATLAS26fch","ATLAS-HKO - ATLAS-02, ATLAS-MLO - ATLAS-01, GOTO-N - GOTO-2, WFST - WFST-WFC","UH88 - SNIFS","1","1","","18.36","orange-ATLAS","2026-05-02 10:18:50.400","ATLAS_Bot1","","","2026TNSTR1923....1T","2026TNSCR1937....1D","",""
"207689","SN 2026lga","16:12:24.415","+29:24:20.15","SN Ia","0.032","","","ATLAS, GOTO, Pan-STARRS","ATLAS, GOTO, Pan-STARRS","SCAT","ATLAS, GOTO, Pan-STARRS","ATLAS26fbw","ATLAS-MLO - ATLAS-01, ATLAS-TDO - ATLAS-05, GOTO-N - GOTO-2, PS2 - GPC2","UH88 - SNIFS","1","1","","18.746","orange-ATLAS","2026-04-26 10:32:07.008","ATLAS_Bot1","","","2026TNSTR1916....1T","2026TNSCR1937....1D","",""
"207676","SN 2026lfo","18:53:41.633","+49:38:08.29","SN Ia-91T-like","0.0784","","","ATLAS, GOTO","ATLAS, GOTO","SCAT","ATLAS, GOTO","ATLAS26fbq","ATLAS-TDO - ATLAS-05, GOTO-N - GOTO-2","UH88 - SNIFS","1","1","","18.927","wide-ATLAS","2026-05-02 03:17:28.896","ATLAS_Bot1","","","2026TNSTR1916....1T","2026TNSCR1937....1D","",""
"207674","SN 2026lfm","09:25:34.567","-13:57:00.15","SN Ic","0.037","","","ATLAS, GOTO, ZTF","ATLAS, GOTO, ZTF","ePESSTO+","ATLAS, GOTO, ZTF","ATLAS26fbo","ATLAS-CHL - ATLAS-04, ATLAS-MLO - ATLAS-01, GOTO-S - GOTO-3, P48 - ZTF-Cam","ESO-NTT - EFOSC2-NTT","1","1","","18.584","orange-ATLAS","2026-05-02 01:12:38.880","ATLAS_Bot1","","","2026TNSTR1916....1T","2026TNSCR1949....1K","",""
"207663","SN 2026lfb","10:55:40.295","+15:36:37.21","SN Ia","0.145","","","ZTF, GOTO, ATLAS, Fink","ZTF, GOTO, ATLAS","ZTF","ATLAS, GOTO, ZTF","ZTF26aaurnvv","ATLAS-CHL - ATLAS-04, ATLAS-HKO - ATLAS-02, GOTO-N - GOTO-1, P48 - ZTF-Cam","P60 - SEDM","1","1","","19.7805","i-ZTF","2026-04-29 04:27:39.997","Fritz","","","2026TNSTR1920....1S","2026TNSCR2037....1F","",""
"207645","SN 2026lel","10:00:52.913","+09:08:18.26","SN Ia","0.058","","","ZTF, ATLAS, Fink","ZTF, ATLAS","ePESSTO+","ATLAS, ZTF","ZTF26aaulhso","ATLAS-TDO - ATLAS-05, P48 - ZTF-Cam","ESO-NTT - EFOSC2-NTT","1","1","","19.5532","r-ZTF","2026-04-29 05:36:34.997","Fritz","","","2026TNSTR1909....1S","2026TNSCR1949....1K","",""
"207636","SN 2026lec","22:39:55.140","-22:09:39.46","SN IIb","0.04","","","ATLAS, GOTO","ATLAS, GOTO","ePESSTO+","ATLAS, GOTO","ATLAS26ezs","ATLAS-CHL - ATLAS-04, GOTO-N - GOTO-2, GOTO-S - GOTO-4","ESO-NTT - EFOSC2-NTT","1","1","","18.621","orange-ATLAS","2026-04-27 09:22:12.288","ATLAS_Bot1","","","2026TNSTR1906....1T","2026TNSCR1949....1K","",""
"207630","SN 2026ldw","21:13:03.790","-58:43:09.95","SN Ia","0.05","","","ATLAS, GOTO","ATLAS, GOTO","ePESSTO+","ATLAS, GOTO","ATLAS26ezl","ATLAS-CHL - ATLAS-04, GOTO-S - GOTO-4","ESO-NTT - EFOSC2-NTT","1","1","","18.822","orange-ATLAS","2026-04-24 07:46:42.240","ATLAS_Bot1","","","2026TNSTR1906....1T","2026TNSCR1949....1K","",""
"207605","SN 2026lda","22:14:40.686","+05:04:50.71","SN Ia","0.026","LEDA 214810","","DCAP, ZTF, ATLAS, GOTO","ZTF, ATLAS, GOTO","ePESSTO+","ATLAS, GOTO, ZTF","DCAP34","ATLAS-CHL - ATLAS-04, ATLAS-STH - ATLAS-03, GOTO-N - GOTO-2, GOTO-S - GOTO-3, P48 - ZTF-Cam","ESO-NTT - EFOSC2-NTT","1","1","","19.207","r-ZTF","2026-04-29 11:48:24.000","Minrui Ning","","","2026TNSTR1889....1N","2026TNSCR1935....1C","",""
"207590","SN 2026lcl","09:53:43.270","-14:14:12.59","SN II","0.047","","","ZTF, GOTO, ATLAS, YSE","ZTF, GOTO, ATLAS, Pan-STARRS","SCAT","ATLAS, GOTO, Pan-STARRS, ZTF","ZTF26aaukgfm","ATLAS-CHL - ATLAS-04, GOTO-S - GOTO-3, P48 - ZTF-Cam, PS2 - GPC2","UH88 - SNIFS","1","1","","19.0389","i-ZTF","2026-04-29 04:01:45.998","Fritz","","","2026TNSTR1897....1S","2026TNSCR1963....1T","",""
"207552","SN 2026lba","12:45:10.715","+03:49:29.57","SN Ia","0.078","","","ZTF, ATLAS","ZTF, ATLAS","ePESSTO+, ZTF","ATLAS, ZTF","ZTF19aaloljd","ATLAS-CHL - ATLAS-04, ATLAS-MLO - ATLAS-01, P48 - ZTF-Cam","ESO-NTT - EFOSC2-NTT, P60 - SEDM","1","1","","20.4956","r-ZTF","2026-04-17 07:07:42.000","Fritz","","","2026TNSTR1881....1P","2026TNSCR1949....1K, 2026TNSCR1981....1F","",""
"207546","SN 2026law","10:12:15.454","+09:16:57.07","SLSN-I","0.1","","","GOTO, ZTF","GOTO, ZTF","ePESSTO+","GOTO, ZTF","GOTO26ecb","GOTO-N - GOTO-1, P48 - ZTF-Cam","ESO-NTT - EFOSC2-NTT","1","1","","18.57","L-GOTO","2026-04-28 21:16:03.360","GOTO_bot","","","2026TNSTR1872....1O","2026TNSCR1949....1K","",""
"207545","SN 2026lav","16:24:24.258","+20:31:49.17","SN Ia","0.04","","","GOTO, ATLAS, ZTF, LAST","GOTO, ATLAS, ZTF, LAST","ePESSTO+","ATLAS, GOTO, LAST, ZTF","GOTO26eci","ATLAS-HKO - ATLAS-02, GOTO-N - GOTO-1, LAST - LAST-Cam, P48 - ZTF-Cam","ESO-NTT - EFOSC2-NTT","1","1","","19.59","L-GOTO","2026-04-28 04:05:34.656","GOTO_bot","","","2026TNSTR1875....1M","2026TNSCR1949....1K","",""
"207544","SN 2026lau","10:59:41.050","-10:41:37.23","SN Ia","0.05","","","ZTF, ATLAS, GOTO","ZTF, ATLAS, GOTO","ePESSTO+","ATLAS, GOTO, ZTF","ZTF25aateyvv","ATLAS-CHL - ATLAS-04, GOTO-S - GOTO-3, P48 - ZTF-Cam","ESO-NTT - EFOSC2-NTT","1","1","","18.8093","i-ZTF","2026-04-29 04:33:03.997","Fritz","","","2026TNSTR1881....1P","2026TNSCR1935....1C","",""
"207541","SN 2026lat","06:47:41.003","+40:26:36.53","SLSN-II","0.127","","","ZTF, WFST","ZTF, WFST","ZTF","WFST, ZTF","ZTF26aaaxopn","P48 - ZTF-Cam, WFST - WFST-WFC","P60 - SEDM","1","1","","20.4123","r-ZTF","2026-01-12 05:00:33.001","Fritz","","","2026TNSTR1881....1P","2026TNSCR1914....1S","",""
"207538","SN 2026laq","17:42:31.778","+24:23:27.96","SN Ia","0.052","","","ZTF, ATLAS, GOTO, WFST","ZTF, ATLAS, GOTO, WFST","ZTF","ATLAS, GOTO, WFST, ZTF","ZTF26aauiydi","ATLAS-HKO - ATLAS-02, GOTO-N - GOTO-2, P48 - ZTF-Cam, WFST - WFST-WFC","P60 - SEDM","1","1","","20.1754","g-ZTF","2026-04-25 10:28:17.996","Fritz","","","2026TNSTR1882....1S","2026TNSCR1901....1F","",""
"207537","SN 2026lap","16:11:49.625","-12:20:03.25","SN Ia","0.042","","","ZTF, GOTO, ATLAS","ZTF, GOTO, ATLAS","ZTF","ATLAS, GOTO, ZTF","ZTF26aaumtdl","ATLAS-CHL - ATLAS-04, ATLAS-MLO - ATLAS-01, GOTO-S - GOTO-3, P48 - ZTF-Cam","NOT - ALFOSC","1","1","","19.7623","r-ZTF","2026-04-28 09:30:07.004","Fritz","","","2026TNSTR1882....1S","2026TNSCR2002....1L","",""
"207520","SN 2026kzy","09:53:19.494","+07:58:19.43","SN Ia","0.063","","","GOTO, ZTF, ATLAS","GOTO, ZTF, ATLAS","ePESSTO+","ATLAS, GOTO, ZTF","GOTO26eca","ATLAS-TDO - ATLAS-05, GOTO-N - GOTO-1, GOTO-S - GOTO-3, P48 - ZTF-Cam","ESO-NTT - EFOSC2-NTT","1","1","","19.14","L-GOTO","2026-04-28 09:45:18.144","GOTO_bot","","","2026TNSTR1854....1O","2026TNSCR1949....1K","",""
"207490","SN 2026kza","11:27:55.560","-13:38:57.45","SN Ia","0.01","WISEA J112755.53-133859.0","","DCAP, ZTF, ATLAS, GOTO, BlackGEM","ZTF, ATLAS, GOTO, BlackGEM","ePESSTO+","ATLAS, BlackGEM, GOTO, ZTF","DCAP23","ATLAS-HKO - ATLAS-02, ATLAS-STH - ATLAS-03, BG3 - BlackGEM-Cam3, BG4 - BlackGEM-Cam4, GOTO-S - GOTO-3, GOTO-S - GOTO-4, P48 - ZTF-Cam","ESO-NTT - EFOSC2-NTT","1","1","","19.353","g-ZTF","2026-04-23 07:06:10.000","Minrui Ning","","","2026TNSTR1852....1N","2026TNSCR1935....1C","",""
"207463","SN 2026kyp","09:07:24.047","+12:24:11.80","SN Ia","0.087","","","GOTO, ZTF, ATLAS","GOTO, ZTF, ATLAS","ZTF","ATLAS, GOTO, ZTF","GOTO26ebj","ATLAS-TDO - ATLAS-05, GOTO-N - GOTO-1, GOTO-S - GOTO-3, P48 - ZTF-Cam","NOT - ALFOSC","1","1","","18.6","L-GOTO","2026-04-27 10:10:30.144","GOTO_bot","","","2026TNSTR1841....1O","2026TNSCR2002....1L","",""
"207462","SN 2026kyo","10:06:04.967","-33:53:05.07","SN II","0.03","","","GOTO","GOTO","ePESSTO+","GOTO","GOTO26eax","GOTO-S - GOTO-4","ESO-NTT - EFOSC2-NTT","1","1","","19.14","L-GOTO","2026-04-23 09:02:39.840","GOTO_bot","","","2026TNSTR1842....1R","2026TNSCR1936....1K","",""
"207456","SN 2026kyj","23:11:33.607","-50:49:14.02","SN Ia","0.04","","","ATLAS, GOTO","ATLAS, GOTO","ePESSTO+","ATLAS, GOTO","ATLAS26exq","ATLAS-CHL - ATLAS-04, ATLAS-STH - ATLAS-03, GOTO-S - GOTO-4","ESO-NTT - EFOSC2-NTT","1","1","","17.035","cyan-ATLAS","2026-04-26 02:35:12.192","ATLAS_Bot1","","","2026TNSTR1840....1T","2026TNSCR1936....1K","",""
"207452","SN 2026kyg","22:26:40.815","-49:10:16.82","SN Ia","0.06","","","ATLAS, GOTO","ATLAS, GOTO","ePESSTO+","ATLAS, GOTO","ATLAS26exk","ATLAS-CHL - ATLAS-04, ATLAS-STH - ATLAS-03, GOTO-S - GOTO-4","ESO-NTT - EFOSC2-NTT","1","1","","17.858","cyan-ATLAS","2026-04-26 02:32:35.808","ATLAS_Bot1","","","2026TNSTR1840....1T","2026TNSCR1949....1K","",""
"207451","SN 2026kyf","17:52:02.511","-65:17:07.50","SN Ia","0.07","","","ATLAS","ATLAS","ePESSTO+","ATLAS","ATLAS26exj","ATLAS-CHL - ATLAS-04, ATLAS-STH - ATLAS-03","ESO-NTT - EFOSC2-NTT","1","1","","19.137","cyan-ATLAS","2026-04-26 00:57:43.776","ATLAS_Bot1","","","2026TNSTR1840....1T","2026TNSCR1949....1K","",""
"207450","SN 2026kye","20:49:58.771","-19:37:56.72","SN II","0.038","","","ATLAS, ZTF","ATLAS, ZTF","ePESSTO+","ATLAS, ZTF","ATLAS26exi","ATLAS-CHL - ATLAS-04, ATLAS-HKO - ATLAS-02, P48 - ZTF-Cam","ESO-NTT - EFOSC2-NTT","1","1","","18.872","orange-ATLAS","2026-04-26 09:25:41.376","ATLAS_Bot1","","","2026TNSTR1840....1T","2026TNSCR1949....1K","",""
"207395","SN 2026kwo","15:16:39.314","+41:01:52.21","SN Ia","0.031336","","","GOTO, ATLAS","GOTO, ATLAS","None","ATLAS, GOTO","GOTO26eap","ATLAS-HKO - ATLAS-02, ATLAS-MLO - ATLAS-01, GOTO-N - GOTO-2","BL41 - FOSC-E5535","1","1","","19.18","L-GOTO","2026-04-27 00:33:38.304","GOTO_bot","","","2026TNSTR1841....1O","2026TNSCR2017....1B","",""
"207334","SN 2026kut","20:43:21.455","-11:49:21.10","SN IIn","0.054","","","GOTO, ATLAS","GOTO, ATLAS","ePESSTO+","ATLAS, GOTO","GOTO26dyj","ATLAS-CHL - ATLAS-04, ATLAS-TDO - ATLAS-05, GOTO-S - GOTO-3, GOTO-S - GOTO-4","ESO-NTT - EFOSC2-NTT","1","1","","19.35","L-GOTO","2026-04-25 18:43:20.640","GOTO_bot","","","2026TNSTR1832....1O","2026TNSCR1935....1C","",""
"207323","SN 2026kui","20:42:38.124","-35:04:28.71","SN II","0.09","","","GOTO","GOTO","ePESSTO+","GOTO","GOTO26dyz","GOTO-S - GOTO-4","ESO-NTT - EFOSC2-NTT","1","1","","18.77","L-GOTO","2026-04-25 19:14:27.744","GOTO_bot","","","2026TNSTR1832....1O","2026TNSCR1949....1K","",""
"207322","SN 2026kuh","08:55:17.289","-14:31:27.39","SN Ia","0.05","","","GOTO, ZTF, ATLAS","GOTO, ZTF, ATLAS","ePESSTO+","ATLAS, GOTO, ZTF","GOTO26dyx","ATLAS-CHL - ATLAS-04, ATLAS-MLO - ATLAS-01, GOTO-S - GOTO-3, P48 - ZTF-Cam","ESO-NTT - EFOSC2-NTT","1","1","","19.49","L-GOTO","2026-04-26 08:49:44.832","GOTO_bot","","","2026TNSTR1832....1O","2026TNSCR1949....1K","",""
"207267","SN 2026ksg","16:29:10.416","+00:48:39.39","SN Ia","0.115","DESI J247.2928+00.8110","0.113434937","ALeRCE, GOTO, Fink, ATLAS","ZTF, GOTO, ATLAS","ZTF","ATLAS, GOTO, ZTF","ZTF26aaudaac","ATLAS-CHL - ATLAS-04, ATLAS-TDO - ATLAS-05, GOTO-S - GOTO-3, GOTO-S - GOTO-4, P48 - ZTF-Cam","P200 - NGPS","1","1","","20.5429","g-ZTF","2026-04-20 10:58:33.001","ALeRCE","","","2026TNSTR1817....1F","2026TNSCR1985....1D","",""
"207241","SN 2026krh","16:46:45.394","+49:02:29.10","SN Ia","0.045","","","GOTO, ATLAS, ZTF","GOTO, ATLAS, ZTF","ZTF","ATLAS, GOTO, ZTF","GOTO26dvr","ATLAS-MLO - ATLAS-01, GOTO-N - GOTO-2, P48 - ZTF-Cam","P60 - SEDM","1","1","","19.79","L-GOTO","2026-04-24 01:39:06.912","GOTO_bot","","","2026TNSTR1820....1R","2026TNSCR1922....1F","",""
"207236","SN 2026krc","14:58:01.072","+05:27:46.77","SN Ia","0.05874","","","ZTF, SGLF, GOTO, Fink, BlackGEM","ZTF, GOTO, BlackGEM","ZTF","BlackGEM, GOTO, ZTF","ZTF26aaubove","BG3 - BlackGEM-Cam3, GOTO-N - GOTO-1, P48 - ZTF-Cam","P60 - SEDM","1","1","","20.0416","i-ZTF","2026-04-23 08:51:44.997","Fritz","","","2026TNSTR1828....1S","2026TNSCR1867....1J","",""
"207235","SN 2026krb","13:49:05.911","+00:30:17.32","SN Ia","0.101","","","ZTF, GOTO, Fink, ATLAS","ZTF, GOTO, ATLAS","ZTF","ATLAS, GOTO, ZTF","ZTF26aatweku","ATLAS-TDO - ATLAS-05, GOTO-S - GOTO-3, GOTO-S - GOTO-4, P48 - ZTF-Cam","P60 - SEDM","1","1","","19.9079","g-ZTF","2026-04-23 07:35:41.997","Fritz","","","2026TNSTR1828....1S","2026TNSCR2018....1F","",""
"207232","SN 2026kqy","16:13:44.908","+58:59:09.00","SN Ia","0.081","","","ZTF, ATLAS","ZTF, ATLAS","ZTF","ATLAS, ZTF","ZTF26aaugzrw","ATLAS-MLO - ATLAS-01, ATLAS-TDO - ATLAS-05, P48 - ZTF-Cam","P60 - SEDM","1","1","","19.2509","g-ZTF","2026-04-25 08:24:05.996","Fritz","","","2026TNSTR1828....1S","2026TNSCR1912....1F","",""
"207191","SN 2026kpn","14:49:09.245","-00:54:16.10","SN Ic","0.028","","","GOTO, ATLAS","GOTO, ATLAS","ePESSTO+","ATLAS, GOTO","GOTO26dqa","ATLAS-MLO - ATLAS-01, ATLAS-TDO - ATLAS-05, GOTO-N - GOTO-1, GOTO-S - GOTO-4","ESO-NTT - EFOSC2-NTT","1","1","","19.29","L-GOTO","2026-04-23 02:47:09.312","GOTO_bot","","","2026TNSTR1803....1L","2026TNSCR1935....1C","",""
"207176","SN 2026koy","08:07:33.956","-66:51:42.96","SN Ia","0.08","","","ATLAS","ATLAS","ePESSTO+","ATLAS","ATLAS26euf","ATLAS-CHL - ATLAS-04","ESO-NTT - EFOSC2-NTT","1","1","","19.196","orange-ATLAS","2026-04-21 01:46:32.736","ATLAS_Bot1","","","2026TNSTR1798....1T","2026TNSCR1936....1K","",""
"207160","SN 2026koi","17:21:51.566","+31:06:22.16","SN Ic-BL","0.09","","","ATLAS, GOTO, YSE","ATLAS, GOTO, Pan-STARRS","ePESSTO+","ATLAS, GOTO, Pan-STARRS","ATLAS26etk","ATLAS-HKO - ATLAS-02, ATLAS-TDO - ATLAS-05, GOTO-N - GOTO-2, PS2 - GPC2","ESO-NTT - EFOSC2-NTT","1","1","","19.758","wide-ATLAS","2026-04-24 01:33:12.672","ATLAS_Bot1","","","2026TNSTR1798....1T","2026TNSCR1962....1K","",""
"207157","SN 2026kof","11:21:39.756","+32:21:30.82","SN Ia","0.041019","","","ATLAS, GOTO","ATLAS, GOTO","None","ATLAS, GOTO","ATLAS26eth","ATLAS-HKO - ATLAS-02, ATLAS-TDO - ATLAS-05, GOTO-N - GOTO-2","BL41 - FOSC-E5535","1","1","","17.792","orange-ATLAS","2026-04-21 07:49:16.032","ATLAS_Bot1","","","2026TNSTR1798....1T","2026TNSCR1921....1B","",""
"207156","SN 2026koe","10:05:25.723","-27:37:54.17","SN Ia","0.051","","","ATLAS, GOTO","ATLAS, GOTO","ePESSTO+","ATLAS, GOTO","ATLAS26etg","ATLAS-CHL - ATLAS-04, ATLAS-STH - ATLAS-03, GOTO-S - GOTO-4","ESO-NTT - EFOSC2-NTT","1","1","","18.674","orange-ATLAS","2026-04-23 19:51:25.632","ATLAS_Bot1","","","2026TNSTR1798....1T","2026TNSCR1949....1K","",""
"207153","SN 2026kob","17:09:50.810","+26:09:14.16","SN Ia","0.046","","","ATLAS, GOTO, WFST","ATLAS, GOTO, WFST","ePESSTO+","ATLAS, GOTO, WFST","ATLAS26esz","ATLAS-HKO - ATLAS-02, GOTO-N - GOTO-2, WFST - WFST-WFC","ESO-NTT - EFOSC2-NTT","1","1","","18.979","orange-ATLAS","2026-04-23 11:43:08.256","ATLAS_Bot1","","","2026TNSTR1798....1T","2026TNSCR1935....1C","",""
"207146","SN 2026knu","10:10:53.458","+45:56:52.48","SN IIb","0.024049","","","ZTF","ZTF","ZTF","ZTF","ZTF26aatljht","P48 - ZTF-Cam","P60 - SEDM","1","1","","19.5784","r-ZTF","2026-04-20 04:23:08.001","Fritz","","","2026TNSTR1808....1S","2026TNSCR1904....1S","",""
"207128","SN 2026kne","17:52:14.690","-78:03:43.36","SN Ia","0.06","","","ATLAS","ATLAS","ePESSTO+","ATLAS","ATLAS26ere","ATLAS-CHL - ATLAS-04","ESO-NTT - EFOSC2-NTT","1","1","","18.712","orange-ATLAS","2026-04-23 06:56:09.600","ATLAS_Bot1","","","2026TNSTR1777....1T","2026TNSCR1936....1K","",""
"207123","SN 2026kmz","09:06:59.949","+57:27:05.81","SN Ia","0.046","","","ATLAS","ATLAS","Padova-Asiago","ATLAS","ATLAS26eqy","ATLAS-HKO - ATLAS-02, ATLAS-TDO - ATLAS-05","Ekar - AFOSC","1","1","","17.584","wide-ATLAS","2026-04-22 20:53:13.056","ATLAS_Bot1","","","2026TNSTR1777....1T","2026TNSCR1829....1R","",""
"207122","SN 2026kmy","10:15:26.596","+65:58:10.23","SN Ia","0.045","","","ATLAS, ZTF","ATLAS, ZTF","ZTF","ATLAS, ZTF","ATLAS26eqx","ATLAS-HKO - ATLAS-02, ATLAS-TDO - ATLAS-05, P48 - ZTF-Cam","P60 - SEDM","1","1","","18.829","wide-ATLAS","2026-04-22 22:07:06.240","ATLAS_Bot1","","","2026TNSTR1777....1T","2026TNSCR2018....1F","",""
"207112","SN 2026kmo","09:46:42.035","-14:52:03.22","SN II","0.014033","","","GOTO, ATLAS, ZTF","GOTO, ATLAS, ZTF","GOTO","ATLAS, GOTO, ZTF","GOTO26drc","ATLAS-STH - ATLAS-03, GOTO-S - GOTO-3, GOTO-S - GOTO-4, P48 - ZTF-Cam","NOT - ALFOSC","1","1","","18.69","L-GOTO","2026-04-23 08:58:39.648","GOTO_bot","","","2026TNSTR1782....1A","2026TNSCR1860....1P","",""
"207110","SN 2026kmm","16:23:34.394","+36:00:12.88","SN","0.031","","","GOTO, ATLAS, ZTF, Pan-STARRS, YSE","GOTO, ATLAS, ZTF, Pan-STARRS","SCAT","ATLAS, GOTO, Pan-STARRS, ZTF","GOTO26dql","ATLAS-HKO - ATLAS-02, ATLAS-TDO - ATLAS-05, GOTO-N - GOTO-2, P48 - ZTF-Cam, PS1 - GPC1, PS2 - GPC2","UH88 - SNIFS","1","1","","19.38","L-GOTO","2026-04-22 01:32:29.472","GOTO_bot","","","2026TNSTR1780....1R","2026TNSCR1837....1A","",""
"207038","SN 2026kjv","15:19:03.103","+04:20:12.03","SN Ia-91bg-like","0.046798","","","ZTF, GOTO, Pan-STARRS","ZTF, GOTO, Pan-STARRS","ZTF","GOTO, Pan-STARRS, ZTF","ZTF26aatyciy","GOTO-S - GOTO-3, GOTO-S - GOTO-4, P48 - ZTF-Cam, PS2 - GPC2","NOT - ALFOSC","1","1","","20.4286","r-ZTF","2026-04-20 09:45:51.001","Fritz","","","2026TNSTR1787....1S","2026TNSCR1869....1S","",""
"207033","SN 2026kjq","14:01:01.095","+05:26:29.05","SLSN-I","0.147","","","ZTF, Fink, ATLAS, YSE","ZTF, ATLAS, Pan-STARRS","ZTF","ATLAS, Pan-STARRS, ZTF","ZTF26aatlolu","ATLAS-CHL - ATLAS-04, ATLAS-MLO - ATLAS-01, P48 - ZTF-Cam, PS1 - GPC1","NOT - ALFOSC","1","1","","20.3519","g-ZTF","2026-04-20 07:34:16.003","Fritz","","","2026TNSTR1787....1S","2026TNSCR1866....1J","",""
"207032","SN 2026kjp","13:34:09.976","-13:25:23.03","SN Ia","0.096","","","ZTF, GOTO, ATLAS, Fink, LAST","ZTF, GOTO, ATLAS, LAST","ZTF","ATLAS, GOTO, LAST, ZTF","ZTF26aatvsoq","ATLAS-CHL - ATLAS-04, GOTO-S - GOTO-4, LAST - LAST-Cam, P48 - ZTF-Cam","P60 - SEDM","1","1","","20.4385","r-ZTF","2026-04-17 07:40:34.996","Fritz","","","2026TNSTR1787....1S","2026TNSCR1983....1J","",""
"207029","SN 2026kjm","12:24:35.400","+07:43:41.00","SN Ia","0.073","","","ZTF, ATLAS, GOTO, Fink","ZTF, ATLAS, GOTO","ePESSTO+, ZTF","ATLAS, GOTO, ZTF","ZTF26aatktdb","ATLAS-TDO - ATLAS-05, GOTO-N - GOTO-1, P48 - ZTF-Cam","ESO-NTT - EFOSC2-NTT, P60 - SEDM","1","1","","20.5338","g-ZTF","2026-04-18 07:54:39.003","Fritz","","","2026TNSTR1787....1S","2026TNSCR1949....1K, 2026TNSCR1981....1F","",""
"207012","SN 2026kiz","21:48:48.822","-31:12:15.43","SN Ia","0.09","","","ATLAS, GOTO","ATLAS, GOTO","ePESSTO+","ATLAS, GOTO","ATLAS26epx","ATLAS-CHL - ATLAS-04, GOTO-S - GOTO-4","ESO-NTT - EFOSC2-NTT","1","1","","19.14","orange-ATLAS","2026-04-22 09:04:18.336","ATLAS_Bot1","","","2026TNSTR1763....1T","2026TNSCR1949....1K","",""
"207009","SN 2026kiw","23:17:20.313","-17:20:21.31","SN Ia","0.042","","","ATLAS, GOTO","ATLAS, GOTO","ePESSTO+","ATLAS, GOTO","ATLAS26epu","ATLAS-CHL - ATLAS-04, ATLAS-HKO - ATLAS-02, GOTO-N - GOTO-2, GOTO-S - GOTO-3","ESO-NTT - EFOSC2-NTT","1","1","","18.011","orange-ATLAS","2026-04-22 09:36:25.056","ATLAS_Bot1","","","2026TNSTR1763....1T","2026TNSCR1949....1K","",""
"207006","SN 2026kit","14:20:16.540","+09:56:08.55","SN Ia","0.08","","","ATLAS, GOTO, YSE, BlackGEM","ATLAS, GOTO, Pan-STARRS, BlackGEM","ePESSTO+","ATLAS, BlackGEM, GOTO, Pan-STARRS","ATLAS26epr","ATLAS-TDO - ATLAS-05, BG3 - BlackGEM-Cam3, BG4 - BlackGEM-Cam4, GOTO-N - GOTO-1, GOTO-S - GOTO-4, PS2 - GPC2","ESO-NTT - EFOSC2-NTT","1","1","","19.081","wide-ATLAS","2026-04-22 00:49:58.080","ATLAS_Bot1","","","2026TNSTR1763....1T","2026TNSCR1936....1K","",""
"207005","SN 2026kis","21:00:10.757","-32:17:05.00","SN Ia","0.03","","","ATLAS, GOTO","ATLAS, GOTO","ePESSTO+","ATLAS, GOTO","ATLAS26epq","ATLAS-CHL - ATLAS-04, ATLAS-HKO - ATLAS-02, GOTO-S - GOTO-4","ESO-NTT - EFOSC2-NTT","1","1","","18.174","orange-ATLAS","2026-04-19 14:34:01.344","ATLAS_Bot1","","","2026TNSTR1763....1T","2026TNSCR1936....1K","",""
"207004","SN 2026kir","22:06:01.883","-23:31:11.10","SN Ia","0.054","","","ATLAS, GOTO","ATLAS, GOTO","ePESSTO+","ATLAS, GOTO","ATLAS26epp","ATLAS-CHL - ATLAS-04, GOTO-N - GOTO-2, GOTO-S - GOTO-4","ESO-NTT - EFOSC2-NTT","1","1","","17.974","orange-ATLAS","2026-04-22 08:56:55.104","ATLAS_Bot1","","","2026TNSTR1763....1T","2026TNSCR1949....1K","",""
"206991","SN 2026kif","20:26:56.692","-29:07:06.87","SN II","0.019","","","ATLAS","ATLAS","SCAT","ATLAS","ATLAS26epn","ATLAS-CHL - ATLAS-04, ATLAS-HKO - ATLAS-02","UH88 - SNIFS","1","1","","17.686","orange-ATLAS","2026-04-22 08:19:21.792","ATLAS_Bot1","","","2026TNSTR1763....1T","2026TNSCR1861....1T","",""
"206990","SN 2026kie","10:52:36.529","+22:55:54.04","SN Ic","0.00424","","","ATLAS, ZTF, GOTO","ATLAS, ZTF, GOTO","Supernova Alliance, DLT40, ePESSTO+","ATLAS, GOTO, ZTF","ATLAS26epm","ATLAS-HKO - ATLAS-02, GOTO-N - GOTO-2, P48 - ZTF-Cam","ANU-2.3m - WiFeS, ESO-NTT - EFOSC2-NTT, Gemini-N - GMOS","1","1","","18.086","orange-ATLAS","2026-04-22 07:31:46.272","ATLAS_Bot1","","","2026TNSTR1763....1T","2026TNSCR1791....1S, 2026TNSCR1788....1B, 2026TNSCR1911....1L, 2026TNSCR1979....1P","",""
"206989","SN 2026kid","15:15:57.226","+56:18:32.09","SN II","0.0017","NGC5907","","ATLAS, ZTF, STSP","ATLAS, ZTF, STSP, TNS","ZTF, AUTOGLASS","ATLAS, STSP, TNS, ZTF","","ATLAS-HKO - ATLAS-02, ATLAS-TDO - ATLAS-05, Other - Other, P48 - ZTF-Cam","MMT - BINOSPEC, XLT - BFOSC","1","1","","16.62","Clear-","2026-04-22 14:23:47.000","Yasuo Sano","","","2026TNSTR1769....1S","2026TNSCR1809....1M, 2026TNSCR1797....1R","",""
"206987","SN 2026kib","12:59:53.452","-33:51:31.94","SN Ia","0.047","","","GOTO, ATLAS","GOTO, ATLAS","ePESSTO+","ATLAS, GOTO","GOTO26dnw","ATLAS-CHL - ATLAS-04, ATLAS-HKO - ATLAS-02, GOTO-S - GOTO-3, GOTO-S - GOTO-4","ESO-NTT - EFOSC2-NTT","1","1","","19.12","L-GOTO","2026-04-21 09:30:15.264","GOTO_bot","","","2026TNSTR1764....1O","2026TNSCR1935....1C","",""
"206986","SN 2026kia","10:53:55.518","-16:06:06.72","SN II","0.014577","MCG -03-28-017","0.014577","ASAS-SN, GOTO, ATLAS, ZTF","ASAS-SN, GOTO, ATLAS, ZTF","GOTO","ASAS-SN, ATLAS, GOTO, ZTF","ASASSN-26cz","ASASSN-2 - Cassius, ATLAS-CHL - ATLAS-04, ATLAS-HKO - ATLAS-02, GOTO-S - GOTO-4, P48 - ZTF-Cam","NOT - ALFOSC","1","1","","16.2","g-Sloan","2026-04-22 02:52:48.000","Krzysztof Stanek","","","2026TNSTR1762....1S","2026TNSCR1811....1P","",""
"206980","SN 2026khv","08:53:27.477","-09:16:58.41","SN Ia","0.08","","","ATLAS, GOTO, ZTF","ATLAS, GOTO, ZTF","ePESSTO+","ATLAS, GOTO, ZTF","ATLAS26epj","ATLAS-CHL - ATLAS-04, ATLAS-TDO - ATLAS-05, GOTO-S - GOTO-3, GOTO-S - GOTO-4, P48 - ZTF-Cam","ESO-NTT - EFOSC2-NTT","1","1","","19.172","orange-ATLAS","2026-04-19 00:41:13.632","ATLAS_Bot1","","","2026TNSTR1763....1T","2026TNSCR1935....1C","",""
"206954","SN 2026kgw","17:39:40.560","+14:49:02.18","SN Ia","0.093","DESI J264.9185+14.8169","0.0928297939","ALeRCE, GOTO, ATLAS, WFST","ZTF, GOTO, ATLAS, WFST","ePESSTO+","ATLAS, GOTO, WFST, ZTF","ZTF26aattvur","ATLAS-TDO - ATLAS-05, GOTO-N - GOTO-1, GOTO-S - GOTO-4, P48 - ZTF-Cam, WFST - WFST-WFC","ESO-NTT - EFOSC2-NTT","1","1","","19.4006","i-ZTF","2026-04-21 10:45:12.004","ALeRCE","","","2026TNSTR1745....1M","2026TNSCR1935....1C","",""
"206925","SN 2026kfw","09:56:52.772","+01:49:59.18","SN Ia","0.21","","","Lasair","Rubin","UCSC","Rubin","LSST-AP-DO-170257199649521669","Rubin - LSSTCam","Keck2 - KCWI","1","1","","22.5328","u-LSST","2026-04-21 00:50:54.240","LVRA","","","2026TNSTR1751....1S","","",""
"206908","SN 2026kff","11:24:59.161","+02:39:45.99","SN Ia","0.063","","","ATLAS, GOTO","ATLAS, GOTO","ePESSTO+","ATLAS, GOTO","ATLAS26eod","ATLAS-CHL - ATLAS-04, ATLAS-TDO - ATLAS-05, GOTO-N - GOTO-1","ESO-NTT - EFOSC2-NTT","1","1","","18.895","orange-ATLAS","2026-04-19 02:47:54.240","ATLAS_Bot1","","","2026TNSTR1725....1T","2026TNSCR1980....1C","",""
"206906","SN 2026kfd","18:52:58.177","-81:39:18.50","SN Ia","0.056","","","ATLAS","ATLAS","ePESSTO+","ATLAS","ATLAS26eob","ATLAS-CHL - ATLAS-04, ATLAS-STH - ATLAS-03","ESO-NTT - EFOSC2-NTT","1","1","","19.346","cyan-ATLAS","2026-04-19 01:52:02.784","ATLAS_Bot1","","","2026TNSTR1725....1T","2026TNSCR1949....1K","",""
"206904","SN 2026kfb","21:44:51.569","-55:12:16.86","SN Ia","0.04","","","ATLAS, GOTO","ATLAS, GOTO","ePESSTO+","ATLAS, GOTO","ATLAS26enz","ATLAS-CHL - ATLAS-04, GOTO-S - GOTO-4","ESO-NTT - EFOSC2-NTT","1","1","","17.405","orange-ATLAS","2026-04-20 08:51:50.112","ATLAS_Bot1","","","2026TNSTR1725....1T","2026TNSCR1936....1K","",""
"206900","SN 2026key","19:25:07.795","-29:18:56.69","SN Ia","0.03","","","GOTO, ATLAS","GOTO, ATLAS","SCAT","ATLAS, GOTO","GOTO26dkv","ATLAS-CHL - ATLAS-04, ATLAS-MLO - ATLAS-01, GOTO-S - GOTO-4","UH88 - SNIFS","1","1","","16.38","L-GOTO","2026-04-14 18:31:42.528","GOTO_bot","","","2026TNSTR1727....1R","2026TNSCR1861....1T","",""
"206891","SN 2026kep","12:59:50.277","-10:58:39.42","SN Ia","0.05","","","ALeRCE, ATLAS, GOTO, Fink","ZTF, ATLAS, GOTO","ePESSTO+","ATLAS, GOTO, ZTF","ZTF26aatmcni","ATLAS-CHL - ATLAS-04, ATLAS-TDO - ATLAS-05, GOTO-S - GOTO-4, P48 - ZTF-Cam","ESO-NTT - EFOSC2-NTT","1","1","","19.6694","i-ZTF","2026-04-20 08:05:00.004","ALeRCE","","","2026TNSTR1724....1M","2026TNSCR1935....1C","",""
"206889","SN 2026ken","21:38:50.013","-02:06:02.99","SN Ia","0.135429","SDSS J213850.05-020602.7","","ALeRCE","ZTF","ZTF","ZTF","ZTF26aatqobq","P48 - ZTF-Cam","SOAR - Goodman","1","1","","19.9897","r-ZTF","2026-04-18 12:01:42.997","ALeRCE","","","2026TNSTR1724....1M","2026TNSCR1848....1R","",""
"206834","SN 2026kcp","13:17:50.932","+30:25:11.46","SN Ia","0.03733","","","ZTF, ATLAS, GOTO, Pan-STARRS, WFST","ZTF, ATLAS, GOTO, Pan-STARRS, WFST","ZTF","ATLAS, GOTO, Pan-STARRS, WFST, ZTF","ZTF26aatecol","ATLAS-HKO - ATLAS-02, ATLAS-TDO - ATLAS-05, GOTO-N - GOTO-2, P48 - ZTF-Cam, PS2 - GPC2, WFST - WFST-WFC","P60 - SEDM","1","1","","19.8322","r-ZTF","2026-04-17 08:00:37.995","Fritz","","","2026TNSTR1737....1S","2026TNSCR1863....1F","",""
"206833","SN 2026kco","11:50:42.960","-13:23:17.72","SN IIn","0.13","","","ZTF, ATLAS, GOTO","ZTF, ATLAS, GOTO","ePESSTO+","ATLAS, GOTO, ZTF","ZTF26aatdpkc","ATLAS-STH - ATLAS-03, GOTO-S - GOTO-3, GOTO-S - GOTO-4, P48 - ZTF-Cam","ESO-NTT - EFOSC2-NTT","1","1","","19.8965","g-ZTF","2026-04-18 07:31:08.999","Fritz","","","2026TNSTR1737....1S","2026TNSCR1980....1C","",""
"206825","SN 2026kcg","08:30:27.451","+21:09:44.10","SN Ia","0.06","","","ZTF, GOTO, ATLAS","ZTF, GOTO, ATLAS","ePESSTO+","ATLAS, GOTO, ZTF","ZTF26aatifnw","ATLAS-HKO - ATLAS-02, GOTO-N - GOTO-1, P48 - ZTF-Cam","ESO-NTT - EFOSC2-NTT","1","1","","19.6583","i-ZTF","2026-04-17 06:12:57.003","Fritz","","","2026TNSTR1737....1S","2026TNSCR1935....1C","",""
"206824","SN 2026kcf","07:58:28.168","+57:03:41.16","SN Ia","0.040431","","","ZTF, ATLAS","ZTF, ATLAS","ZTF","ATLAS, ZTF","ZTF26aastlux","ATLAS-HKO - ATLAS-02, ATLAS-TDO - ATLAS-05, P48 - ZTF-Cam","P60 - SEDM","1","1","","19.5268","r-ZTF","2026-04-16 04:42:29.001","Fritz","","","2026TNSTR1737....1S","2026TNSCR1901....1F","",""
"206800","SN 2026kbs","12:32:26.608","-68:20:09.87","SN Ib/c","0.019","","","ATLAS, GOTO","ATLAS, GOTO","Supernova Alliance","ATLAS, GOTO","ATLAS26emb","ATLAS-CHL - ATLAS-04, GOTO-S - GOTO-3, GOTO-S - GOTO-4","ANU-2.3m - WiFeS","1","1","","18.967","orange-ATLAS","2026-04-18 04:20:57.408","ATLAS_Bot1","","","2026TNSTR1715....1T","2026TNSCR1774....1R","",""
"206794","SN 2026kbo","20:06:00.988","-52:30:55.88","SN Ia","0.06","","","ATLAS, GOTO","ATLAS, GOTO","ePESSTO+","ATLAS, GOTO","ATLAS26elt","ATLAS-CHL - ATLAS-04, GOTO-S - GOTO-4","ESO-NTT - EFOSC2-NTT","1","1","","19.332","orange-ATLAS","2026-04-18 08:43:16.032","ATLAS_Bot1","","","2026TNSTR1693....1T","2026TNSCR1935....1C","",""
"206780","SN 2026kba","10:37:19.555","-40:58:32.25","SN IIb","0.02","","","ATLAS, GOTO","ATLAS, GOTO","ePESSTO+","ATLAS, GOTO","ATLAS26eld","ATLAS-CHL - ATLAS-04, GOTO-S - GOTO-4","ESO-NTT - EFOSC2-NTT","1","1","","19.251","orange-ATLAS","2026-04-15 03:09:58.752","ATLAS_Bot1","","","2026TNSTR1693....1T","2026TNSCR1935....1C","",""
"206755","SN 2026kac","21:46:54.285","+39:03:11.78","SN Ia","0.030418","","","ZTF, ATLAS","ZTF, ATLAS","ZTF","ATLAS, ZTF","ZTF26aatgphb","ATLAS-TDO - ATLAS-05, P48 - ZTF-Cam","P60 - SEDM","1","1","","17.9119","r-ZTF","2026-04-18 10:51:13.000","Fritz","","","2026TNSTR1705....1S","2026TNSCR1902....1P","",""
"206733","SN 2026jzl","16:40:16.563","-10:59:34.45","SN Ib","0.067","","","ZTF, ATLAS, GOTO, Fink","ZTF, ATLAS, GOTO","ZTF","ATLAS, GOTO, ZTF","ZTF26aatbuhc","ATLAS-TDO - ATLAS-05, GOTO-N - GOTO-2, GOTO-S - GOTO-4, P48 - ZTF-Cam","NOT - ALFOSC","1","1","","20.2607","g-ZTF","2026-04-15 11:04:29.997","Fritz","","","2026TNSTR1705....1S","2026TNSCR2002....1L","",""
"206730","SN 2026jzi","17:22:46.253","+34:15:54.15","SN Ia","0.079","","","ZTF, GOTO, ATLAS, YSE, WFST","ZTF, GOTO, ATLAS, Pan-STARRS, WFST","SCAT","ATLAS, GOTO, Pan-STARRS, WFST, ZTF","ZTF26aaskyqr","ATLAS-HKO - ATLAS-02, ATLAS-TDO - ATLAS-05, GOTO-N - GOTO-2, P48 - ZTF-Cam, PS2 - GPC2, WFST - WFST-WFC","UH88 - SNIFS","1","1","","20.1844","g-ZTF","2026-04-14 09:58:04.995","Fritz","","","2026TNSTR1705....1S","2026TNSCR1837....1A","",""
"206672","SN 2026jxj","11:40:08.759","+27:39:36.84","SN Ia","0.053101","","","LAST, ZTF, ATLAS, GOTO, Pan-STARRS, WFST","LAST, ZTF, ATLAS, GOTO, Pan-STARRS, WFST","ZTF","ATLAS, GOTO, LAST, Pan-STARRS, WFST, ZTF","","ATLAS-HKO - ATLAS-02, ATLAS-TDO - ATLAS-05, GOTO-N - GOTO-2, LAST - LAST-Cam, P48 - ZTF-Cam, PS2 - GPC2, WFST - WFST-WFC","P60 - SEDM","1","1","","19.72","Clear-","2026-04-17 17:51:15.552","LAST_Bot1","","","2026TNSTR1669....1O","2026TNSCR1884....1F","",""
"206661","SN 2026jwy","14:14:32.020","+01:43:15.99","SN Ia","0.053","","","WFST, GOTO, ZTF, ATLAS","WFST, GOTO, ZTF, ATLAS","ZTF","ATLAS, GOTO, WFST, ZTF","WFST260414erax","ATLAS-CHL - ATLAS-04, ATLAS-TDO - ATLAS-05, GOTO-N - GOTO-1, P48 - ZTF-Cam, WFST - WFST-WFC","P200 - NGPS","1","1","","21.52","g-WFST","2026-04-14 15:07:12.000","WFST_SN","","","2026TNSTR1679....1X","2026TNSCR1985....1D","",""
"206565","SN 2026jtl","15:37:55.878","+16:47:29.44","SN Ia","0.054","","","GOTO, ZTF, BlackGEM","GOTO, ZTF, BlackGEM","ZTF","BlackGEM, GOTO, ZTF","GOTO26djj","BG2 - BlackGEM-Cam2, BG3 - BlackGEM-Cam3, GOTO-N - GOTO-1, GOTO-N - GOTO-2, P48 - ZTF-Cam","SOAR - Goodman","1","1","","19.61","L-GOTO","2026-04-13 05:23:49.632","GOTO_bot","","","2026TNSTR1649....1P","2026TNSCR1839....1C","",""
"206561","SN 2026jth","10:48:23.404","+36:30:23.59","SN Ia","0.06","","","ZTF, ATLAS","ZTF, ATLAS","ZTF","ATLAS, ZTF","ZTF26aasglrn","ATLAS-HKO - ATLAS-02, ATLAS-TDO - ATLAS-05, P48 - ZTF-Cam","P60 - SEDM","1","1","","20.4411","r-ZTF","2026-04-09 04:12:40.996","Fritz","","","2026TNSTR1656....1S","2026TNSCR1714....1S","",""
"206534","SN 2026jsg","10:06:55.023","-01:13:49.01","SN Ia","0.033","","","ATLAS, ZTF, GOTO, Pan-STARRS, Fink","ATLAS, ZTF, GOTO, Pan-STARRS","VHU-TDA","ATLAS, GOTO, Pan-STARRS, ZTF","ATLAS26ehr","ATLAS-TDO - ATLAS-05, GOTO-S - GOTO-3, GOTO-S - GOTO-4, P48 - ZTF-Cam, PS2 - GPC2","FLWO-1.5m - FAST","1","1","","19.126","wide-ATLAS","2026-04-15 22:11:38.400","ATLAS_Bot1","","","2026TNSTR1646....1T","2026TNSCR1760....1D","",""
"206527","SN 2026jrz","18:19:49.606","+35:02:07.44","SN Ia","0.04","","","ATLAS, ZTF, GOTO, WFST","ATLAS, ZTF, GOTO, WFST","SCAT","ATLAS, GOTO, WFST, ZTF","ATLAS26egz","ATLAS-TDO - ATLAS-05, GOTO-N - GOTO-2, P48 - ZTF-Cam, WFST - WFST-WFC","UH88 - SNIFS","1","1","","19.316","wide-ATLAS","2026-04-15 03:39:29.952","ATLAS_Bot1","","","2026TNSTR1646....1T","2026TNSCR1837....1A","",""
"206522","SN 2026jru","21:31:04.035","-01:36:48.17","SN Ia","0.066139","","","ZTF, ATLAS, BlackGEM, GOTO","ZTF, ATLAS, BlackGEM, GOTO","ZTF","ATLAS, BlackGEM, GOTO, ZTF","ZTF26aaskqon","ATLAS-HKO - ATLAS-02, ATLAS-MLO - ATLAS-01, BG2 - BlackGEM-Cam2, BG4 - BlackGEM-Cam4, GOTO-N - GOTO-2, GOTO-S - GOTO-3, P48 - ZTF-Cam","P60 - SEDM","1","1","","18.5584","r-ZTF","2026-04-10 12:14:50.999","Fritz","","","2026TNSTR1656....1S","2026TNSCR1814....1J","",""
"206493","SN 2026jqy","17:37:46.128","-00:10:27.29","SN IIn","0.045","SDSS J173746.12-001028.4","","ALeRCE, Fink, ATLAS, GOTO","ZTF, ATLAS, GOTO","ZTF","ATLAS, GOTO, ZTF","ZTF26aasphfk","ATLAS-TDO - ATLAS-05, GOTO-S - GOTO-4, P48 - ZTF-Cam","P60 - SEDM","1","1","","19.9423","r-ZTF","2026-04-15 10:33:17.001","ALeRCE","","","2026TNSTR1627....1M","2026TNSCR1886....1S","",""
"206490","SN 2026jqv","14:18:06.700","+18:27:11.82","SN Ia-pec","0.05","","","ATLAS, WFST","ATLAS, WFST","ZTF","ATLAS, WFST","ATLAS26egk","ATLAS-TDO - ATLAS-05, WFST - WFST-WFC","P60 - SEDM","1","1","","18.593","wide-ATLAS","2026-04-15 02:03:58.176","ATLAS_Bot1","","","2026TNSTR1628....1T","2026TNSCR1816....1S","",""
"206486","SN 2026jqr","15:43:49.397","+30:31:32.48","SN Ia","0.064","","","ATLAS, GOTO, ZTF, WFST","ATLAS, GOTO, ZTF, WFST","ZTF","ATLAS, GOTO, WFST, ZTF","ATLAS26egg","ATLAS-TDO - ATLAS-05, GOTO-N - GOTO-2, P48 - ZTF-Cam, WFST - WFST-WFC","P60 - SEDM","1","1","","19.396","wide-ATLAS","2026-04-15 01:42:23.040","ATLAS_Bot1","","","2026TNSTR1628....1T","2026TNSCR1903....1J","",""
"206466","SN 2026jqi","21:35:46.821","-63:54:12.77","SN Ic","0.0103","","","ATLAS","ATLAS","Global SN Project, Supernova Alliance","ATLAS","ATLAS26efr","ATLAS-CHL - ATLAS-04","ANU-2.3m - WiFeS, FTS - FLOYDS-S","1","1","","18.808","orange-ATLAS","2026-04-15 09:11:30.336","ATLAS_Bot1","","","2026TNSTR1628....1T","2026TNSCR1708....1F, 2026TNSCR1723....1S","",""
"206462","SN 2026jqe","16:06:49.916","+32:35:07.82","SN Ia","0.065","","","ZTF, ATLAS, GOTO, LAST, Pan-STARRS, YSE","ZTF, ATLAS, GOTO, LAST, Pan-STARRS","ZTF","ATLAS, GOTO, LAST, Pan-STARRS, ZTF","ZTF26aasmvvi","ATLAS-TDO - ATLAS-05, GOTO-N - GOTO-2, LAST - LAST-Cam, P48 - ZTF-Cam, PS1 - GPC1, PS2 - GPC2","P60 - SEDM","1","1","","19.4428","g-ZTF","2026-04-15 08:52:11.003","Fritz","","","2026TNSTR1638....1S","2026TNSCR2000....1F","",""